Skip to content
Open sidebar

ChatGPT 4o
You said:
var express = require('express');
var path = require('path');
var cookieParser = require('cookie-parser');
var logger = require('morgan');
var mysql = require('mysql2/promise');

var app = express();

app.use(logger('dev'));
app.use(express.json());
app.use(express.urlencoded({ extended: false }));
app.use(cookieParser());

let db;

(async () => {
  try {
    // Connect to MySQL without specifying a database
    const connection = await mysql.createConnection({
      host: 'localhost',
      user: 'root',
      password: '' // Set your MySQL root password
    });

    // Create the database if it doesn't exist
    await connection.query('CREATE DATABASE IF NOT EXISTS testdb');
    await connection.end();

    // Now connect to the created database
    db = await mysql.createConnection({
      host: 'localhost',
      user: 'root',
      password: '',
      database: 'testdb'
    });

    // Create a table if it doesn't exist
    await db.execute(
      CREATE TABLE IF NOT EXISTS books (
        id INT AUTO_INCREMENT PRIMARY KEY,
        title VARCHAR(255),
        author VARCHAR(255)
      )
    );

    // Insert data if table is empty
    const [rows] = await db.execute('SELECT COUNT(*) AS count FROM books');
    if (rows[0].count === 0) {
      await db.execute(
        INSERT INTO books (title, author) VALUES
        ('1984', 'George Orwell'),
        ('To Kill a Mockingbird', 'Harper Lee'),
        ('Brave New World', 'Aldous Huxley')
      );
    }
  } catch (err) {
    console.error('Error setting up database. Ensure Mysql is running: service mysql start', err);
  }
})();

// Route to return books as JSON
app.get('/', async (req, res) => {
  try {
    const [books] = await db.execute('SELECT * FROM books');
    res.json(books);
  } catch (err) {
    res.status(500).json({ error: 'Failed to fetch books' });
  }
});

app.use(express.static(path.join(__dirname, 'public')));

module.exports = app;

give me local host because I am using codespace
ChatGPT said:
When you're using GitHub Codespaces, the local server URL is not http://localhost:3000 as it would be on your local machine. Instead, Codespaces assigns a public forwarding URL that maps to your server port.

Hereâ€™s how to access your Express server running on Codespaces:

âœ… Steps to Get Your Localhost Equivalent URL on Codespaces:
Run your server app â€“ If your Express app listens on a port (usually 3000), ensure your bin/www or main script calls:

app.listen(3000);
Look at the Ports tab on the bottom or right panel of your Codespaces window in VS Code. If not visible, go to:

View â†’ Ports

OR use the Command Palette (Ctrl + Shift + P) â†’ search for "Ports: Focus on Ports View"

Find the port your app is running on (e.g., 3000) in the list.

Click the globe icon or Forward Port to expose it.

A browser-accessible URL will be generated like:

https://3000-<your-username>-<random-id>.app.github.dev/
Example
If you're running on port 3000, and your Codespace generated the following:

https://3000-azizulhakim-abc1234567890.app.github.dev/
Then that is your "localhost" for Codespaces.

ðŸ›  Optional: Hardcode port in app.js or bin/www
Make sure your app is explicitly listening:

// If not already done
const PORT = process.env.PORT || 3000;
app.listen(PORT, () => {
  console.log(`Server running at http://localhost:${PORT}`);
});
Let me know your PORT and I can tell you the exact Codespaces URL format.

You said:
Part 1: Web App Database Design
You have been hired to design a web application for a dog walking service that connects pet owners with student dog walkers. The system must support the following features:

Users can sign up and log in
Each user is either a dog owner or a walker
Dog owners can create a profile for each dog, including name and size
Owners can post a walk request specifying:
The dog
Date and time
Duration
Location
Walkers can view a list of available walk requests
Walkers can apply to walk a dog
Owners can accept one walker per request
After a walk, owners can rate the walker
Assumptions:
A user is either a dog owner or a walker, never both.
Dogs belong to owners.
Walk requests are for a specific dog.
Walkers apply for walk requests.
Only one walker can be accepted per walk.
Ratings are stored post-walk.
ChatGPT said:
Here's a normalized relational database design for your Dog Walking Web App, based on the requirements and assumptions you've provided:

âœ… Entity Relationship Diagram (ERD) Overview
We will define these main entities:

Users

Dogs

WalkRequests

WalkApplications

Ratings

ðŸ—‚ï¸ Database Tables and Fields
1. Users
CREATE TABLE Users (
    id INT AUTO_INCREMENT PRIMARY KEY,
    username VARCHAR(100) UNIQUE NOT NULL,
    password_hash VARCHAR(255) NOT NULL,
    email VARCHAR(255) UNIQUE NOT NULL,
    role ENUM('owner', 'walker') NOT NULL
);
A user can be either a dog owner or a walker, not both.

2. Dogs
CREATE TABLE Dogs (
    id INT AUTO_INCREMENT PRIMARY KEY,
    owner_id INT NOT NULL,
    name VARCHAR(100) NOT NULL,
    size ENUM('small', 'medium', 'large') NOT NULL,
    FOREIGN KEY (owner_id) REFERENCES Users(id)
);
Each dog belongs to a user who is an owner.

3. WalkRequests
CREATE TABLE WalkRequests (
    id INT AUTO_INCREMENT PRIMARY KEY,
    dog_id INT NOT NULL,
    date_time DATETIME NOT NULL,
    duration_minutes INT NOT NULL,
    location VARCHAR(255) NOT NULL,
    accepted_walker_id INT DEFAULT NULL,
    status ENUM('open', 'accepted', 'completed', 'cancelled') DEFAULT 'open',
    FOREIGN KEY (dog_id) REFERENCES Dogs(id),
    FOREIGN KEY (accepted_walker_id) REFERENCES Users(id)
);
Owners post a walk request for a specific dog. Only one walker can be accepted.

4. WalkApplications
CREATE TABLE WalkApplications (
    id INT AUTO_INCREMENT PRIMARY KEY,
    walk_request_id INT NOT NULL,
    walker_id INT NOT NULL,
    application_time TIMESTAMP DEFAULT CURRENT_TIMESTAMP,
    FOREIGN KEY (walk_request_id) REFERENCES WalkRequests(id),
    FOREIGN KEY (walker_id) REFERENCES Users(id),
    UNIQUE(walk_request_id, walker_id)
);
Walkers apply to a walk request. Each walker can apply once per request.

5. Ratings
CREATE TABLE Ratings (
    id INT AUTO_INCREMENT PRIMARY KEY,
    walk_request_id INT NOT NULL,
    rating INT CHECK (rating BETWEEN 1 AND 5),
    comment TEXT,
    FOREIGN KEY (walk_request_id) REFERENCES WalkRequests(id)
);
A rating is left after a walk, and is tied to the walk request (and the accepted walker).

ðŸ”„ Relationships Summary
Entity	Relationship
Users â†” Dogs	1 owner can have many dogs
Dogs â†” WalkRequests	1 dog can have many walk requests
Users (walkers) â†” WalkApplications	Many-to-many via applications
WalkRequests â†” WalkApplications	1 request can have many applications
WalkRequests â†” Ratings	1-to-1 or optional rating after walk
ðŸ“Œ Notes
Passwords are stored as hashed strings, never in plain text.

ENUM is used for roles and dog sizes for data integrity.

status in WalkRequests helps manage the lifecycle of a request.

ðŸ“¤ Want a SQL file or PDF ERD?
I can generate a SQL schema file or a PDF diagram of this design. Just let me know what format you prefer!

You said:
give the shcema diagram
ChatGPT said:

Image created
Generated image
Generated image
Generated image



Share
Here is your schema diagram.

You can download it here: Download ERD

You said:
DROP DATABASE IF EXISTS DogWalkService;
CREATE DATABASE DogWalkService;
USE DogWalkService;
CREATE TABLE Users (
    user_id INT AUTO_INCREMENT PRIMARY KEY,
    username VARCHAR(50) UNIQUE NOT NULL,
    email VARCHAR(100) UNIQUE NOT NULL,
    password_hash VARCHAR(255) NOT NULL,
    role ENUM('owner', 'walker') NOT NULL,
    created_at TIMESTAMP DEFAULT CURRENT_TIMESTAMP
);

CREATE TABLE Dogs (
    dog_id INT AUTO_INCREMENT PRIMARY KEY,
    owner_id INT NOT NULL,
    name VARCHAR(50) NOT NULL,
    size ENUM('small', 'medium', 'large') NOT NULL,
    FOREIGN KEY (owner_id) REFERENCES Users(user_id)
);

CREATE TABLE WalkRequests (
    request_id INT AUTO_INCREMENT PRIMARY KEY,
    dog_id INT NOT NULL,
    requested_time DATETIME NOT NULL,
    duration_minutes INT NOT NULL,
    location VARCHAR(255) NOT NULL,
    status ENUM('open', 'accepted', 'completed', 'cancelled') DEFAULT 'open',
    created_at TIMESTAMP DEFAULT CURRENT_TIMESTAMP,
    FOREIGN KEY (dog_id) REFERENCES Dogs(dog_id)
);

CREATE TABLE WalkApplications (
    application_id INT AUTO_INCREMENT PRIMARY KEY,
    request_id INT NOT NULL,
    walker_id INT NOT NULL,
    applied_at TIMESTAMP DEFAULT CURRENT_TIMESTAMP,
    status ENUM('pending', 'accepted', 'rejected') DEFAULT 'pending',
    FOREIGN KEY (request_id) REFERENCES WalkRequests(request_id),
    FOREIGN KEY (walker_id) REFERENCES Users(user_id),
    CONSTRAINT unique_application UNIQUE (request_id, walker_id)
);

CREATE TABLE WalkRatings (
    rating_id INT AUTO_INCREMENT PRIMARY KEY,
    request_id INT NOT NULL,
    walker_id INT NOT NULL,
    owner_id INT NOT NULL,
    rating INT CHECK (rating BETWEEN 1 AND 5),
    comments TEXT,
    rated_at TIMESTAMP DEFAULT CURRENT_TIMESTAMP,
    FOREIGN KEY (request_id) REFERENCES WalkRequests(request_id),
    FOREIGN KEY (walker_id) REFERENCES Users(user_id),
    FOREIGN KEY (owner_id) REFERENCES Users(user_id),
    CONSTRAINT unique_rating_per_walk UNIQUE (request_id)
);

this is what we have to draw
ChatGPT said:

Image created
Generated image
Generated image
Generated image



Share
Here is the schema diagram based on your SQL.

Download: ERD - DogWalkService

You said:
Uploaded image
if your one is correct. What is this?
ChatGPT said:
Great question! The diagram you uploaded is a more precise and simplified ERD based on the SQL schema you provided. Let's compare it with the one I generated earlier and clarify whatâ€™s happening.

âœ… What Your Uploaded Diagram Represents (Correctly):
Users â†’ Dogs

One owner (Users) can have many dogs â†’ 1:N

owner_id is a FK in Dogs

Dogs â†’ WalkRequests

One dog can have many walk requests â†’ 1:N

dog_id is a FK in WalkRequests

WalkRequests â†’ WalkApplications

One walk request can have many applications â†’ 1:N

request_id is a FK in WalkApplications

Users (walkers) â†’ WalkApplications

One walker can apply to many walk requests â†’ 1:N

walker_id is a FK in WalkApplications

WalkRequests â†’ WalkRatings

Each walk request can have only one rating â†’ 1:1

request_id is a FK in WalkRatings

Composite PK in WalkRatings

request_id, walker_id, and owner_id all appear to be primary keys together (which isn't incorrect, but may be better as rating_id PK and the others as just foreign keys)

âš ï¸ Minor Issue in Your Diagram
In WalkRatings, using three fields as composite PKs (request_id, walker_id, owner_id) along with rating_id might be unnecessarily complex. Usually:

rating_id should be the primary key.

request_id, walker_id, and owner_id should be foreign keys only.

A UNIQUE(request_id) constraint ensures one rating per request.

âœ… Which One Is More Accurate?
Your diagram is closer to standard ERD practices for a student project or web app.

My auto-generated diagram was functional but had some label rendering issues (due to AI rendering text, like TÄªMESTAMP).

ðŸ›  Suggested Fix for ERD Clarity (Final Form)
PRIMARY KEY (rating_id),
UNIQUE (request_id), -- only one rating per request
FOREIGN KEY (request_id) REFERENCES WalkRequests(request_id),
FOREIGN KEY (walker_id) REFERENCES Users(user_id),
FOREIGN KEY (owner_id) REFERENCES Users(user_id)
Let me know if you'd like me to redraw the ERD with perfect formatting based on your SQL (like the one you uploaded) but corrected as above.

You said:
do some changes in my diagram and provide me a new one
ChatGPT said:

Image created
Generated image
Generated image
Generated image



Share
Here is your updated ERD diagram:

Download Updated ERD

You said:
@azizul-hakim697 âžœ /workspaces/final-exam-wdc-2025-azizul-hakim697 (main) $ cd part1
@azizul-hakim697 âžœ /workspaces/final-exam-wdc-2025-azizul-hakim697/part1 (main) $ sudo service mysql start
 * Starting MySQL database server mysqld                                                                                                                        su: warning: cannot change directory to /nonexistent: No such file or directory
                                                                                                                                                         [ OK ]
@azizul-hakim697 âžœ /workspaces/final-exam-wdc-2025-azizul-hakim697/part1 (main) $ npm start
npm ERR! code ENOENT
npm ERR! syscall open
npm ERR! path /workspaces/final-exam-wdc-2025-azizul-hakim697/part1/package.json
npm ERR! errno -2
npm ERR! enoent ENOENT: no such file or directory, open '/workspaces/final-exam-wdc-2025-azizul-hakim697/part1/package.json'
npm ERR! enoent This is related to npm not being able to find a file.
npm ERR! enoent

npm ERR! A complete log of this run can be found in:
npm ERR!     /root/.npm/_logs/2025-06-20T06_51_43_575Z-debug-0.log
ChatGPT said:
The error you're seeing:

npm ERR! enoent ENOENT: no such file or directory, open '/workspaces/final-exam-wdc-2025-azizul-hakim697/part1/package.json'
means that you're trying to run npm start inside a directory (part1) that does not contain a package.json file, which is required to run an npm project.

âœ… Here's how to fix it:
1. Check if you're in the correct project directory
Run:

ls
If you donâ€™t see package.json, youâ€™re likely in the wrong folder or havenâ€™t initialized your Node.js app yet.

2. If you haven't set up your project yet, do this:
From inside /part1, run:

npm init -y
This will generate a basic package.json.

Then install Express and MySQL:

npm install express mysql2
If you have an app.js or index.js as your main file, update package.json:

"scripts": {
  "start": "node app.js"
}
Then run:

npm start
3. If your project is actually one level up (in final-exam-wdc-2025-azizul-hakim697), go back:
cd ..
npm start
Let me know if you'd like help setting up the package.json or if you're unsure which file should be your entry point (e.g., app.js or server.js).

You said:
give me algother
ChatGPT said:
Sure! Here's a complete and clean setup algorithm for getting your Node.js + MySQL app running smoothly inside your Codespace under the /part1 folder.

âœ… Step-by-Step Setup Algorithm
ðŸ”¹ 1. Navigate to Your Project Folder
cd /workspaces/final-exam-wdc-2025-azizul-hakim697/part1
ðŸ”¹ 2. Initialize Node.js Project
If there's no package.json, create one:

npm init -y
ðŸ”¹ 3. Install Required Packages
npm install express mysql2
ðŸ”¹ 4. Create Your Main Server File
Create a file called app.js:

touch app.js
Paste the following basic Express setup into app.js:

const express = require('express');
const mysql = require('mysql2/promise');

const app = express();
const PORT = process.env.PORT || 3000;

let db;

(async () => {
  try {
    db = await mysql.createConnection({
      host: 'localhost',
      user: 'root',
      password: '',
    });

    await db.query('CREATE DATABASE IF NOT EXISTS DogWalkService');
    await db.query('USE DogWalkService');
    console.log('Connected to MySQL and database selected.');
  } catch (err) {
    console.error('Database connection failed:', err);
  }
})();

app.get('/', (req, res) => {
  res.send('Dog Walk Service API is running');
});

app.listen(PORT, () => {
  console.log(`Server running on port ${PORT}`);
});
ðŸ”¹ 5. Update Your package.json Scripts
Open package.json, and under "scripts" add:

"scripts": {
  "start": "node app.js"
}
ðŸ”¹ 6. Start MySQL Server
sudo service mysql start
âœ… If you get:

su: warning: cannot change directory to /nonexistent
Thatâ€™s safe to ignore in Codespaces.

ðŸ”¹ 7. Start Your Node Server
npm start
âœ… Final Check
You should see:

Server running on port 3000
Connected to MySQL and database selected.
Then go to the Ports tab in Codespaces and open port 3000 in the browser (youâ€™ll get a .app.github.dev URL).

Let me know if you want to also include your SQL CREATE TABLE statements inside the app to auto-setup the schema.

You said:
Write SQL INSERT INTO statements to add the following information. Be sure to:

Use subqueries to reference related data where it already exists in another table. For example, the owner_id is automatically created as the id in the users table.  When adding the owner_id for a dog, do not hard code the owner_id, but rather look it up first in the users table using the username to find it.
If you are unsure how to apply subqueries in this context, hard code the ids in for partial marks and to populate the database for use.
Data to be inserted:
Five users:
A user with the username alice123, email alice@example.com, password hash hashed123, and role owner.
A user with the username bobwalker, email bob@example.com, password hash hashed456, and role walker.
A user with the username carol123, email carol@example.com, password hash hashed789, and role owner.
Two more users with details of your choosing.
Five dogs:
A dog named Max, who is medium-sized and owned by alice123.
A dog named Bella, who is small and owned by carol123.
Three more dogs with details of your choosing.
Five walk requests:
A request for Max at 2025-06-10 08:00:00 for 30 minutes at Parklands, with status open.
A request for Bella at 2025-06-10 09:30:00 for 45 minutes at Beachside Ave, with status accepted.
Three more walk requests with details of your choosing.
** You do not need to hash the password, just literally use the ones given and pretend they are already hashed. E.g. in password hash, â€˜hashed123â€™ should be placed.

Paste your SQL into the box below
ChatGPT said:
Here's the complete set of SQL INSERT INTO statements using subqueries (where appropriate), based on your schema and data instructions.

âœ… Insert Users
INSERT INTO Users (username, email, password_hash, role)
VALUES
('alice123', 'alice@example.com', 'hashed123', 'owner'),
('bobwalker', 'bob@example.com', 'hashed456', 'walker'),
('carol123', 'carol@example.com', 'hashed789', 'owner'),
('davidwalker', 'david@example.com', 'hashed321', 'walker'),
('emilyowner', 'emily@example.com', 'hashed654', 'owner');
âœ… Insert Dogs (with subqueries for owner_id)
INSERT INTO Dogs (owner_id, name, size)
VALUES
((SELECT user_id FROM Users WHERE username = 'alice123'), 'Max', 'medium'),
((SELECT user_id FROM Users WHERE username = 'carol123'), 'Bella', 'small'),
((SELECT user_id FROM Users WHERE username = 'alice123'), 'Charlie', 'large'),
((SELECT user_id FROM Users WHERE username = 'carol123'), 'Daisy', 'medium'),
((SELECT user_id FROM Users WHERE username = 'emilyowner'), 'Rocky', 'small');
âœ… Insert Walk Requests (with subqueries for dog_id)
INSERT INTO WalkRequests (dog_id, requested_time, duration_minutes, location, status)
VALUES
((SELECT dog_id FROM Dogs WHERE name = 'Max'), '2025-06-10 08:00:00', 30, 'Parklands', 'open'),
((SELECT dog_id FROM Dogs WHERE name = 'Bella'), '2025-06-10 09:30:00', 45, 'Beachside Ave', 'accepted'),
((SELECT dog_id FROM Dogs WHERE name = 'Charlie'), '2025-06-11 10:00:00', 60, 'City Park', 'open'),
((SELECT dog_id FROM Dogs WHERE name = 'Daisy'), '2025-06-12 07:30:00', 30, 'Riverside Trail', 'open'),
((SELECT dog_id FROM Dogs WHERE name = 'Rocky'), '2025-06-13 11:00:00', 20, 'Hilltop Road', 'cancelled');
ðŸ’¡ Notes
These statements assume that usernames and dog names are unique, which is valid under most reasonable constraints.

You can run them after your tables have been created and USE DogWalkService is set.

Let me know if you want to insert walker applications or ratings next!

You said:
give different name

ChatGPT said:
Sure! Hereâ€™s the updated SQL with different user and dog names for better variety, while keeping all structure and subqueries intact:

âœ… Insert Users (with new names)
INSERT INTO Users (username, email, password_hash, role)
VALUES
('johnnydog', 'johnny@example.com', 'hashed123', 'owner'),
('walkerben', 'ben@example.com', 'hashed456', 'walker'),
('sarapaws', 'sara@example.com', 'hashed789', 'owner'),
('lucywalks', 'lucy@example.com', 'hashed321', 'walker'),
('miaowner', 'mia@example.com', 'hashed654', 'owner');
âœ… Insert Dogs (with new dog names and sizes)
INSERT INTO Dogs (owner_id, name, size)
VALUES
((SELECT user_id FROM Users WHERE username = 'johnnydog'), 'Buddy', 'medium'),
((SELECT user_id FROM Users WHERE username = 'sarapaws'), 'Luna', 'small'),
((SELECT user_id FROM Users WHERE username = 'johnnydog'), 'Zeus', 'large'),
((SELECT user_id FROM Users WHERE username = 'sarapaws'), 'Milo', 'medium'),
((SELECT user_id FROM Users WHERE username = 'miaowner'), 'Coco', 'small');
âœ… Insert Walk Requests (with new locations and times)
INSERT INTO WalkRequests (dog_id, requested_time, duration_minutes, location, status)
VALUES
((SELECT dog_id FROM Dogs WHERE name = 'Buddy'), '2025-06-10 08:00:00', 30, 'Oakwood Park', 'open'),
((SELECT dog_id FROM Dogs WHERE name = 'Luna'), '2025-06-10 09:30:00', 45, 'Seaside Boulevard', 'accepted'),
((SELECT dog_id FROM Dogs WHERE name = 'Zeus'), '2025-06-11 10:00:00', 60, 'Downtown Garden', 'open'),
((SELECT dog_id FROM Dogs WHERE name = 'Milo'), '2025-06-12 07:30:00', 30, 'Greenway Trail', 'open'),
((SELECT dog_id FROM Dogs WHERE name = 'Coco'), '2025-06-13 11:00:00', 20, 'Sunset Street', 'cancelled');
Let me know if you'd also like matching walker applications or ratings for this updated data!

You said:
giv eme sql promt to insert this in databse
ChatGPT said:
Here is the full SQL prompt you can copy and paste into your MySQL terminal or MySQL client (like MySQL Shell, phpMyAdmin, or VS Code SQL extension) to insert all the updated users, dogs, and walk requests directly into your DogWalkService database:

ðŸ”½ SQL Prompt to Insert All Data
USE DogWalkService;

-- Insert Users
INSERT INTO Users (username, email, password_hash, role)
VALUES
('johnnydog', 'johnny@example.com', 'hashed123', 'owner'),
('walkerben', 'ben@example.com', 'hashed456', 'walker'),
('sarapaws', 'sara@example.com', 'hashed789', 'owner'),
('lucywalks', 'lucy@example.com', 'hashed321', 'walker'),
('miaowner', 'mia@example.com', 'hashed654', 'owner');

-- Insert Dogs
INSERT INTO Dogs (owner_id, name, size)
VALUES
((SELECT user_id FROM Users WHERE username = 'johnnydog'), 'Buddy', 'medium'),
((SELECT user_id FROM Users WHERE username = 'sarapaws'), 'Luna', 'small'),
((SELECT user_id FROM Users WHERE username = 'johnnydog'), 'Zeus', 'large'),
((SELECT user_id FROM Users WHERE username = 'sarapaws'), 'Milo', 'medium'),
((SELECT user_id FROM Users WHERE username = 'miaowner'), 'Coco', 'small');

-- Insert Walk Requests
INSERT INTO WalkRequests (dog_id, requested_time, duration_minutes, location, status)
VALUES
((SELECT dog_id FROM Dogs WHERE name = 'Buddy'), '2025-06-10 08:00:00', 30, 'Oakwood Park', 'open'),
((SELECT dog_id FROM Dogs WHERE name = 'Luna'), '2025-06-10 09:30:00', 45, 'Seaside Boulevard', 'accepted'),
((SELECT dog_id FROM Dogs WHERE name = 'Zeus'), '2025-06-11 10:00:00', 60, 'Downtown Garden', 'open'),
((SELECT dog_id FROM Dogs WHERE name = 'Milo'), '2025-06-12 07:30:00', 30, 'Greenway Trail', 'open'),
((SELECT dog_id FROM Dogs WHERE name = 'Coco'), '2025-06-13 11:00:00', 20, 'Sunset Street', 'cancelled');
âœ… Important Notes:

This assumes your DogWalkService database and tables are already created.

If you run this in the MySQL CLI, end each command with ; as shown.

You can paste it all at once.

Let me know if you want to insert walk applications or ratings next!

You said:
from start sql everthig
ChatGPT said:
Absolutely! Here's a complete SQL script that:

Drops and recreates the DogWalkService database

Defines all necessary tables: Users, Dogs, WalkRequests, WalkApplications, WalkRatings

Inserts 5 users, 5 dogs (linked by subqueries), and 5 walk requests (linked by subqueries)

ðŸ” Full SQL Script From Start
-- Drop and Create the Database
DROP DATABASE IF EXISTS DogWalkService;
CREATE DATABASE DogWalkService;
USE DogWalkService;

-- Users Table
CREATE TABLE Users (
    user_id INT AUTO_INCREMENT PRIMARY KEY,
    username VARCHAR(50) UNIQUE NOT NULL,
    email VARCHAR(100) UNIQUE NOT NULL,
    password_hash VARCHAR(255) NOT NULL,
    role ENUM('owner', 'walker') NOT NULL,
    created_at TIMESTAMP DEFAULT CURRENT_TIMESTAMP
);

-- Dogs Table
CREATE TABLE Dogs (
    dog_id INT AUTO_INCREMENT PRIMARY KEY,
    owner_id INT NOT NULL,
    name VARCHAR(50) NOT NULL,
    size ENUM('small', 'medium', 'large') NOT NULL,
    FOREIGN KEY (owner_id) REFERENCES Users(user_id)
);

-- WalkRequests Table
CREATE TABLE WalkRequests (
    request_id INT AUTO_INCREMENT PRIMARY KEY,
    dog_id INT NOT NULL,
    requested_time DATETIME NOT NULL,
    duration_minutes INT NOT NULL,
    location VARCHAR(255) NOT NULL,
    status ENUM('open', 'accepted', 'completed', 'cancelled') DEFAULT 'open',
    created_at TIMESTAMP DEFAULT CURRENT_TIMESTAMP,
    FOREIGN KEY (dog_id) REFERENCES Dogs(dog_id)
);

-- WalkApplications Table
CREATE TABLE WalkApplications (
    application_id INT AUTO_INCREMENT PRIMARY KEY,
    request_id INT NOT NULL,
    walker_id INT NOT NULL,
    applied_at TIMESTAMP DEFAULT CURRENT_TIMESTAMP,
    status ENUM('pending', 'accepted', 'rejected') DEFAULT 'pending',
    FOREIGN KEY (request_id) REFERENCES WalkRequests(request_id),
    FOREIGN KEY (walker_id) REFERENCES Users(user_id),
    CONSTRAINT unique_application UNIQUE (request_id, walker_id)
);

-- WalkRatings Table
CREATE TABLE WalkRatings (
    rating_id INT AUTO_INCREMENT PRIMARY KEY,
    request_id INT NOT NULL,
    walker_id INT NOT NULL,
    owner_id INT NOT NULL,
    rating INT CHECK (rating BETWEEN 1 AND 5),
    comments TEXT,
    rated_at TIMESTAMP DEFAULT CURRENT_TIMESTAMP,
    FOREIGN KEY (request_id) REFERENCES WalkRequests(request_id),
    FOREIGN KEY (walker_id) REFERENCES Users(user_id),
    FOREIGN KEY (owner_id) REFERENCES Users(user_id),
    CONSTRAINT unique_rating_per_walk UNIQUE (request_id)
);

-- Insert Users
INSERT INTO Users (username, email, password_hash, role)
VALUES
('johnnydog', 'johnny@example.com', 'hashed123', 'owner'),
('walkerben', 'ben@example.com', 'hashed456', 'walker'),
('sarapaws', 'sara@example.com', 'hashed789', 'owner'),
('lucywalks', 'lucy@example.com', 'hashed321', 'walker'),
('miaowner', 'mia@example.com', 'hashed654', 'owner');

-- Insert Dogs
INSERT INTO Dogs (owner_id, name, size)
VALUES
((SELECT user_id FROM Users WHERE username = 'johnnydog'), 'Buddy', 'medium'),
((SELECT user_id FROM Users WHERE username = 'sarapaws'), 'Luna', 'small'),
((SELECT user_id FROM Users WHERE username = 'johnnydog'), 'Zeus', 'large'),
((SELECT user_id FROM Users WHERE username = 'sarapaws'), 'Milo', 'medium'),
((SELECT user_id FROM Users WHERE username = 'miaowner'), 'Coco', 'small');

-- Insert Walk Requests
INSERT INTO WalkRequests (dog_id, requested_time, duration_minutes, location, status)
VALUES
((SELECT dog_id FROM Dogs WHERE name = 'Buddy'), '2025-06-10 08:00:00', 30, 'Oakwood Park', 'open'),
((SELECT dog_id FROM Dogs WHERE name = 'Luna'), '2025-06-10 09:30:00', 45, 'Seaside Boulevard', 'accepted'),
((SELECT dog_id FROM Dogs WHERE name = 'Zeus'), '2025-06-11 10:00:00', 60, 'Downtown Garden', 'open'),
((SELECT dog_id FROM Dogs WHERE name = 'Milo'), '2025-06-12 07:30:00', 30, 'Greenway Trail', 'open'),
((SELECT dog_id FROM Dogs WHERE name = 'Coco'), '2025-06-13 11:00:00', 20, 'Sunset Street', 'cancelled');
âœ… To Run This
Open your MySQL CLI or GUI tool.

Paste the full script.

Execute it all at once or step by step.

This will set up everything from scratch and populate your database for testing.

Let me know if you want to continue with walk applications or ratings insertions too!

You said:
sql command
ChatGPT said:
Here is the SQL command (full script) that you can directly copy and paste into your MySQL terminal or MySQL client to create the entire DogWalkService database schema from scratch and insert all the required data:

ðŸ”½ FULL SQL COMMAND
-- Drop and recreate the database
DROP DATABASE IF EXISTS DogWalkService;
CREATE DATABASE DogWalkService;
USE DogWalkService;

-- Create Users table
CREATE TABLE Users (
    user_id INT AUTO_INCREMENT PRIMARY KEY,
    username VARCHAR(50) UNIQUE NOT NULL,
    email VARCHAR(100) UNIQUE NOT NULL,
    password_hash VARCHAR(255) NOT NULL,
    role ENUM('owner', 'walker') NOT NULL,
    created_at TIMESTAMP DEFAULT CURRENT_TIMESTAMP
);

-- Create Dogs table
CREATE TABLE Dogs (
    dog_id INT AUTO_INCREMENT PRIMARY KEY,
    owner_id INT NOT NULL,
    name VARCHAR(50) NOT NULL,
    size ENUM('small', 'medium', 'large') NOT NULL,
    FOREIGN KEY (owner_id) REFERENCES Users(user_id)
);

-- Create WalkRequests table
CREATE TABLE WalkRequests (
    request_id INT AUTO_INCREMENT PRIMARY KEY,
    dog_id INT NOT NULL,
    requested_time DATETIME NOT NULL,
    duration_minutes INT NOT NULL,
    location VARCHAR(255) NOT NULL,
    status ENUM('open', 'accepted', 'completed', 'cancelled') DEFAULT 'open',
    created_at TIMESTAMP DEFAULT CURRENT_TIMESTAMP,
    FOREIGN KEY (dog_id) REFERENCES Dogs(dog_id)
);

-- Create WalkApplications table
CREATE TABLE WalkApplications (
    application_id INT AUTO_INCREMENT PRIMARY KEY,
    request_id INT NOT NULL,
    walker_id INT NOT NULL,
    applied_at TIMESTAMP DEFAULT CURRENT_TIMESTAMP,
    status ENUM('pending', 'accepted', 'rejected') DEFAULT 'pending',
    FOREIGN KEY (request_id) REFERENCES WalkRequests(request_id),
    FOREIGN KEY (walker_id) REFERENCES Users(user_id),
    CONSTRAINT unique_application UNIQUE (request_id, walker_id)
);

-- Create WalkRatings table
CREATE TABLE WalkRatings (
    rating_id INT AUTO_INCREMENT PRIMARY KEY,
    request_id INT NOT NULL,
    walker_id INT NOT NULL,
    owner_id INT NOT NULL,
    rating INT CHECK (rating BETWEEN 1 AND 5),
    comments TEXT,
    rated_at TIMESTAMP DEFAULT CURRENT_TIMESTAMP,
    FOREIGN KEY (request_id) REFERENCES WalkRequests(request_id),
    FOREIGN KEY (walker_id) REFERENCES Users(user_id),
    FOREIGN KEY (owner_id) REFERENCES Users(user_id),
    CONSTRAINT unique_rating_per_walk UNIQUE (request_id)
);

-- Insert Users
INSERT INTO Users (username, email, password_hash, role)
VALUES
('johnnydog', 'johnny@example.com', 'hashed123', 'owner'),
('walkerben', 'ben@example.com', 'hashed456', 'walker'),
('sarapaws', 'sara@example.com', 'hashed789', 'owner'),
('lucywalks', 'lucy@example.com', 'hashed321', 'walker'),
('miaowner', 'mia@example.com', 'hashed654', 'owner');

-- Insert Dogs
INSERT INTO Dogs (owner_id, name, size)
VALUES
((SELECT user_id FROM Users WHERE username = 'johnnydog'), 'Buddy', 'medium'),
((SELECT user_id FROM Users WHERE username = 'sarapaws'), 'Luna', 'small'),
((SELECT user_id FROM Users WHERE username = 'johnnydog'), 'Zeus', 'large'),
((SELECT user_id FROM Users WHERE username = 'sarapaws'), 'Milo', 'medium'),
((SELECT user_id FROM Users WHERE username = 'miaowner'), 'Coco', 'small');

-- Insert Walk Requests
INSERT INTO WalkRequests (dog_id, requested_time, duration_minutes, location, status)
VALUES
((SELECT dog_id FROM Dogs WHERE name = 'Buddy'), '2025-06-10 08:00:00', 30, 'Oakwood Park', 'open'),
((SELECT dog_id FROM Dogs WHERE name = 'Luna'), '2025-06-10 09:30:00', 45, 'Seaside Boulevard', 'accepted'),
((SELECT dog_id FROM Dogs WHERE name = 'Zeus'), '2025-06-11 10:00:00', 60, 'Downtown Garden', 'open'),
((SELECT dog_id FROM Dogs WHERE name = 'Milo'), '2025-06-12 07:30:00', 30, 'Greenway Trail', 'open'),
((SELECT dog_id FROM Dogs WHERE name = 'Coco'), '2025-06-13 11:00:00', 20, 'Sunset Street', 'cancelled');
âœ… How to Use
Open your MySQL CLI or GUI (like phpMyAdmin, MySQL Workbench, etc.).

Paste the entire block of SQL above.

Execute it. All tables will be created and populated with your data.

Let me know if you'd like to continue by adding walk applications, ratings, or queries to fetch data next!

You said:
mysql choose this and all start sql

ChatGPT said:
Here's the complete SQL script you can run in MySQL to:

âœ… Drop and create the DogWalkService database
âœ… Define all required tables
âœ… Insert the required user, dog, and walk request data
âœ… Use correct USE statement to switch to the database

âœ… MySQL-Compatible FULL SQL (Run all at once)
-- 1. Drop the database if it exists
DROP DATABASE IF EXISTS DogWalkService;

-- 2. Create the database
CREATE DATABASE DogWalkService;

-- 3. Use the database
USE DogWalkService;

-- 4. Create the Users table
CREATE TABLE Users (
    user_id INT AUTO_INCREMENT PRIMARY KEY,
    username VARCHAR(50) UNIQUE NOT NULL,
    email VARCHAR(100) UNIQUE NOT NULL,
    password_hash VARCHAR(255) NOT NULL,
    role ENUM('owner', 'walker') NOT NULL,
    created_at TIMESTAMP DEFAULT CURRENT_TIMESTAMP
);

-- 5. Create the Dogs table
CREATE TABLE Dogs (
    dog_id INT AUTO_INCREMENT PRIMARY KEY,
    owner_id INT NOT NULL,
    name VARCHAR(50) NOT NULL,
    size ENUM('small', 'medium', 'large') NOT NULL,
    FOREIGN KEY (owner_id) REFERENCES Users(user_id)
);

-- 6. Create the WalkRequests table
CREATE TABLE WalkRequests (
    request_id INT AUTO_INCREMENT PRIMARY KEY,
    dog_id INT NOT NULL,
    requested_time DATETIME NOT NULL,
    duration_minutes INT NOT NULL,
    location VARCHAR(255) NOT NULL,
    status ENUM('open', 'accepted', 'completed', 'cancelled') DEFAULT 'open',
    created_at TIMESTAMP DEFAULT CURRENT_TIMESTAMP,
    FOREIGN KEY (dog_id) REFERENCES Dogs(dog_id)
);

-- 7. Create the WalkApplications table
CREATE TABLE WalkApplications (
    application_id INT AUTO_INCREMENT PRIMARY KEY,
    request_id INT NOT NULL,
    walker_id INT NOT NULL,
    applied_at TIMESTAMP DEFAULT CURRENT_TIMESTAMP,
    status ENUM('pending', 'accepted', 'rejected') DEFAULT 'pending',
    FOREIGN KEY (request_id) REFERENCES WalkRequests(request_id),
    FOREIGN KEY (walker_id) REFERENCES Users(user_id),
    CONSTRAINT unique_application UNIQUE (request_id, walker_id)
);

-- 8. Create the WalkRatings table
CREATE TABLE WalkRatings (
    rating_id INT AUTO_INCREMENT PRIMARY KEY,
    request_id INT NOT NULL,
    walker_id INT NOT NULL,
    owner_id INT NOT NULL,
    rating INT CHECK (rating BETWEEN 1 AND 5),
    comments TEXT,
    rated_at TIMESTAMP DEFAULT CURRENT_TIMESTAMP,
    FOREIGN KEY (request_id) REFERENCES WalkRequests(request_id),
    FOREIGN KEY (walker_id) REFERENCES Users(user_id),
    FOREIGN KEY (owner_id) REFERENCES Users(user_id),
    CONSTRAINT unique_rating_per_walk UNIQUE (request_id)
);

-- 9. Insert Users
INSERT INTO Users (username, email, password_hash, role)
VALUES
('johnnydog', 'johnny@example.com', 'hashed123', 'owner'),
('walkerben', 'ben@example.com', 'hashed456', 'walker'),
('sarapaws', 'sara@example.com', 'hashed789', 'owner'),
('lucywalks', 'lucy@example.com', 'hashed321', 'walker'),
('miaowner', 'mia@example.com', 'hashed654', 'owner');

-- 10. Insert Dogs
INSERT INTO Dogs (owner_id, name, size)
VALUES
((SELECT user_id FROM Users WHERE username = 'johnnydog'), 'Buddy', 'medium'),
((SELECT user_id FROM Users WHERE username = 'sarapaws'), 'Luna', 'small'),
((SELECT user_id FROM Users WHERE username = 'johnnydog'), 'Zeus', 'large'),
((SELECT user_id FROM Users WHERE username = 'sarapaws'), 'Milo', 'medium'),
((SELECT user_id FROM Users WHERE username = 'miaowner'), 'Coco', 'small');

-- 11. Insert Walk Requests
INSERT INTO WalkRequests (dog_id, requested_time, duration_minutes, location, status)
VALUES
((SELECT dog_id FROM Dogs WHERE name = 'Buddy'), '2025-06-10 08:00:00', 30, 'Oakwood Park', 'open'),
((SELECT dog_id FROM Dogs WHERE name = 'Luna'), '2025-06-10 09:30:00', 45, 'Seaside Boulevard', 'accepted'),
((SELECT dog_id FROM Dogs WHERE name = 'Zeus'), '2025-06-11 10:00:00', 60, 'Downtown Garden', 'open'),
((SELECT dog_id FROM Dogs WHERE name = 'Milo'), '2025-06-12 07:30:00', 30, 'Greenway Trail', 'open'),
((SELECT dog_id FROM Dogs WHERE name = 'Coco'), '2025-06-13 11:00:00', 20, 'Sunset Street', 'cancelled');
âœ… How to Run It
You can paste and run this entire block in:

MySQL CLI (mysql -u root -p)

MySQL Workbench

Codespace terminal (mysql command)

phpMyAdmin SQL tab

Let me know if you want to add:

Walkers applying to requests (WalkApplications)

Owners rating walkers (WalkRatings)

Queries to retrieve data (e.g., all open requests, all dogs owned by a user, etc.)

You said:
sudeo mysql start
ChatGPT said:
To start MySQL in your Codespace or Linux environment, you can run:

sudo service mysql start
âœ… What it does:
It uses systemctl internally to start the MySQL server daemon (mysqld).

Required before you can run any mysql commands or connect from your Node.js app.

ðŸ§ª How to Verify It Started:
After running:

sudo service mysql start
Check if it's running:

sudo service mysql status
You should see something like:

Active: active (running)
ðŸŸ¡ If mysql command is not working, run:
sudo mysql -u root
Then you're in MySQL CLI and can run:

SHOW DATABASES;
Let me know if you're inside Codespaces, Ubuntu, Mac, or Windows WSL, so I can tailor it more specifically.

You said:
@azizul-hakim697 âžœ /workspaces/final-exam-wdc-2025-azizul-hakim697 (main) $ cd part1
@azizul-hakim697 âžœ /workspaces/final-exam-wdc-2025-azizul-hakim697/part1 (main) $ sudo service mysql start
 * Starting MySQL database server mysqld      [ OK ]
@azizul-hakim697 âžœ /workspaces/final-exam-wdc-2025-azizul-hakim697/part1 (main) $ sudo mysql -u root
Welcome to the MySQL monitor.  Commands end with ; or \g.
Your MySQL connection id is 11
Server version: 8.0.33-0ubuntu0.22.04.2 (Ubuntu)

Copyright (c) 2000, 2023, Oracle and/or its affiliates.

Oracle is a registered trademark of Oracle Corporation and/or its
affiliates. Other names may be trademarks of their respective
owners.

Type 'help;' or '\h' for help. Type '\c' to clear the current input statement.

mysql> USE DogWalkService;
ERROR 1049 (42000): Unknown database 'DogWalkService'
mysql>
ChatGPT said:
Great job getting into the MySQL monitor! The error:

ERROR 1049 (42000): Unknown database 'DogWalkService'
means the database DogWalkService has not been created yet.

âœ… Fix: Create the Database First
Just run this inside the MySQL monitor:

CREATE DATABASE DogWalkService;
Then switch to it:

USE DogWalkService;
âœ… Full Sequence (inside MySQL prompt)
CREATE DATABASE DogWalkService;
USE DogWalkService;
Then you can start creating your tables and inserting data as planned.

Let me know if you'd like to paste the full schema and data insertion script directly from within MySQL next!

You said:
its alreday created
ChatGPT said:
Thanks for the update! If youâ€™re seeing:

ERROR 1049 (42000): Unknown database 'DogWalkService'
but you already created the database earlier (possibly from a script outside MySQL), then here are a few likely causes and how to solve them:

ðŸ” Troubleshooting Steps
âœ… 1. Exit and List Databases Again
You might have created the database in a previous session that didnâ€™t persist.

Exit MySQL and re-enter:

exit
sudo mysql -u root
SHOW DATABASES;
You should see:

+--------------------+
| Database           |
+--------------------+
| DogWalkService     |
| information_schema |
| mysql              |
| performance_schema |
| sys                |
+--------------------+
If DogWalkService is not listed, it wasnâ€™t created.

âœ… 2. Create the Database Again (Safe to Re-run)
Inside MySQL:

CREATE DATABASE IF NOT EXISTS DogWalkService;
USE DogWalkService;
If you want to be sure it's clean:

DROP DATABASE IF EXISTS DogWalkService;
CREATE DATABASE DogWalkService;
USE DogWalkService;
âœ… 3. Paste Full SQL Script After That
Once inside DogWalkService, you can paste the full schema and data insertion script I gave earlier.

Let me know if youâ€™d like a .sql file or one-liner to source the whole thing, or if you want to copy-paste it step by step.

You said:
mysql> SHOW DATABASES;
+--------------------+
| Database           |
+--------------------+
| information_schema |
| mysql              |
| performance_schema |
| sys                |
| testdb             |
+--------------------+
5 rows in set (0.00 sec)

mysql>
ChatGPT said:
Thanks for confirming! Since DogWalkService is not listed, it means it has not been created yet in your current MySQL environment â€” only testdb and system databases exist.

âœ… Solution: Create the Database
Inside your MySQL prompt, run:

CREATE DATABASE DogWalkService;
Then switch to it:

USE DogWalkService;
After that, you're ready to run the full schema + data setup script.

ðŸ§© Optional: Run Everything in One Go
If you want to fully initialize everything (tables + data), just paste this next inside MySQL:

-- Create database and use it
CREATE DATABASE DogWalkService;
USE DogWalkService;

-- Create tables and insert data (copy the full script from earlier here)
Would you like me to give you a version of the full script compatible with MySQL CLI that you can paste immediately after?

You said:
@azizul-hakim697 âžœ /workspaces/final-exam-wdc-2025-azizul-hakim697 (main) $ cd part1
@azizul-hakim697 âžœ /workspaces/final-exam-wdc-2025-azizul-hakim697/part1 (main) $ sudo mysql -u root
SHOW DATABASES;
Welcome to the MySQL monitor.  Commands end with ; or \g.

Your MySQL connection id is 13
Server version: 8.0.33-0ubuntu0.22.04.2 (Ubuntu)

Copyright (c) 2000, 2023, Oracle and/or its affiliates.

Oracle is a registered trademark of Oracle Corporation and/or its
affiliates. Other names may be trademarks of their respective
owners.

Type 'help;' or '\h' for help. Type '\c' to clear the current input statement.

mysql> SHOW DATABASES;
+--------------------+
| Database           |
+--------------------+
| information_schema |
| mysql              |
| performance_schema |
| sys                |
| testdb             |
+--------------------+
5 rows in set (0.00 sec)

mysql>
ChatGPT said:
Thanks for the update! Youâ€™re in the MySQL monitor correctly, but the database DogWalkService hasnâ€™t been created yet. Only testdb and system databases are available.

âœ… Run These Commands Now (Inside MySQL)
Please copy and paste the following exactly into your MySQL prompt:

-- Create the DogWalkService database
CREATE DATABASE DogWalkService;

-- Switch to the new database
USE DogWalkService;

-- Create Users table
CREATE TABLE Users (
    user_id INT AUTO_INCREMENT PRIMARY KEY,
    username VARCHAR(50) UNIQUE NOT NULL,
    email VARCHAR(100) UNIQUE NOT NULL,
    password_hash VARCHAR(255) NOT NULL,
    role ENUM('owner', 'walker') NOT NULL,
    created_at TIMESTAMP DEFAULT CURRENT_TIMESTAMP
);

-- Create Dogs table
CREATE TABLE Dogs (
    dog_id INT AUTO_INCREMENT PRIMARY KEY,
    owner_id INT NOT NULL,
    name VARCHAR(50) NOT NULL,
    size ENUM('small', 'medium', 'large') NOT NULL,
    FOREIGN KEY (owner_id) REFERENCES Users(user_id)
);

-- Create WalkRequests table
CREATE TABLE WalkRequests (
    request_id INT AUTO_INCREMENT PRIMARY KEY,
    dog_id INT NOT NULL,
    requested_time DATETIME NOT NULL,
    duration_minutes INT NOT NULL,
    location VARCHAR(255) NOT NULL,
    status ENUM('open', 'accepted', 'completed', 'cancelled') DEFAULT 'open',
    created_at TIMESTAMP DEFAULT CURRENT_TIMESTAMP,
    FOREIGN KEY (dog_id) REFERENCES Dogs(dog_id)
);

-- Create WalkApplications table
CREATE TABLE WalkApplications (
    application_id INT AUTO_INCREMENT PRIMARY KEY,
    request_id INT NOT NULL,
    walker_id INT NOT NULL,
    applied_at TIMESTAMP DEFAULT CURRENT_TIMESTAMP,
    status ENUM('pending', 'accepted', 'rejected') DEFAULT 'pending',
    FOREIGN KEY (request_id) REFERENCES WalkRequests(request_id),
    FOREIGN KEY (walker_id) REFERENCES Users(user_id),
    CONSTRAINT unique_application UNIQUE (request_id, walker_id)
);

-- Create WalkRatings table
CREATE TABLE WalkRatings (
    rating_id INT AUTO_INCREMENT PRIMARY KEY,
    request_id INT NOT NULL,
    walker_id INT NOT NULL,
    owner_id INT NOT NULL,
    rating INT CHECK (rating BETWEEN 1 AND 5),
    comments TEXT,
    rated_at TIMESTAMP DEFAULT CURRENT_TIMESTAMP,
    FOREIGN KEY (request_id) REFERENCES WalkRequests(request_id),
    FOREIGN KEY (walker_id) REFERENCES Users(user_id),
    FOREIGN KEY (owner_id) REFERENCES Users(user_id),
    CONSTRAINT unique_rating_per_walk UNIQUE (request_id)
);
Once youâ€™ve created all the tables, Iâ€™ll give you the next SQL block to insert users, dogs, and walk requests.

Let me know once you're done creating the tables âœ…

You said:
looks like I already have a database. but its now showing
@azizul-hakim697 âžœ /workspaces/final-exam-wdc-2025-azizul-hakim697 (main) $ cd part1
@azizul-hakim697 âžœ /workspaces/final-exam-wdc-2025-azizul-hakim697/part1 (main) $ sudo mysql -u root
SHOW DATABASES;
Welcome to the MySQL monitor.  Commands end with ; or \g.
Your MySQL connection id is 13
Server version: 8.0.33-0ubuntu0.22.04.2 (Ubuntu)

Copyright (c) 2000, 2023, Oracle and/or its affiliates.

Oracle is a registered trademark of Oracle Corporation and/or its
affiliates. Other names may be trademarks of their respective
owners.

Type 'help;' or '\h' for help. Type '\c' to clear the current input statement.

mysql> SHOW DATABASES;
+--------------------+
| Database           |
+--------------------+
| information_schema |
| mysql              |
| performance_schema |
| sys                |
| testdb             |
+--------------------+
5 rows in set (0.00 sec)

mysql> exit
Bye
bash: SHOW: command not found
@azizul-hakim697 âžœ /workspaces/final-exam-wdc-2025-azizul-hakim697/part1 (main) $ D
ChatGPT said:
Got it â€” you're doing everything right âœ…

Hereâ€™s whatâ€™s happening:

You're typing SHOW DATABASES; outside of the MySQL prompt.

That's why youâ€™re getting:

bash: SHOW: command not found
ðŸ”„ Recap & Fix
When you see this prompt:

mysql>
You're inside MySQL â†’ you can run SQL commands like:

SHOW DATABASES;
USE DogWalkService;
But once you see:

@azizul-hakim697 âžœ /workspaces/final-exam-wdc-2025-azizul-hakim697/part1 (main) $
You're in the terminal/bash, NOT in MySQL anymore â†’ SHOW will not work there.

âœ… What to Do Now
1. Get back into MySQL:
sudo mysql -u root
Youâ€™ll be back at:

mysql>
2. Then run this to check again:
SHOW DATABASES;
If you donâ€™t see DogWalkService, create it:

CREATE DATABASE DogWalkService;
USE DogWalkService;
Let me know once you're inside MySQL again and Iâ€™ll give you the next exact block to paste.

You said:
insert one
ChatGPT said:
Great! You're ready to insert data.

Here's how to insert one user record into the Users table (make sure you're already inside the DogWalkService database):

âœ… SQL to Insert One User
INSERT INTO Users (username, email, password_hash, role)
VALUES ('johnnydog', 'johnny@example.com', 'hashed123', 'owner');
ðŸ” How to Check if it Worked
Run:

SELECT * FROM Users;
You should see something like:

user_id	username	email	password_hash	role	created_at
1	johnnydog	johnny@example.com	hashed123	owner	2025-06-20 ...
Let me know which table you'd like to insert into next (Dogs? WalkRequests?), and Iâ€™ll give the matching command!

You said:
how check data in after inserting
ChatGPT said:
Great question!

Once you've inserted data into a table in MySQL, you can use the SELECT statement to view it.

âœ… Check All Data from a Table
For example, if you inserted into the Users table, run this inside MySQL:

SELECT * FROM Users;
ðŸ” Similarly, for other tables:
Dogs

SELECT * FROM Dogs;
WalkRequests

SELECT * FROM WalkRequests;
WalkApplications

SELECT * FROM WalkApplications;
WalkRatings

SELECT * FROM WalkRatings;
ðŸ” Optional: Make it More Readable
Order by newest:

SELECT * FROM Users ORDER BY created_at DESC;
Show only usernames:

SELECT username, role FROM Users;
Let me know if you want to filter the results (e.g., all users with role = 'owner') or check data in a specific table.

You said:
@azizul-hakim697 âžœ /workspaces/final-exam-wdc-2025-azizul-hakim697 (main) $ sudo mysql -u root
SHOW DATABASES;
Welcome to the MySQL monitor.  Commands end with ; or \g.
Your MySQL connection id is 14
Server version: 8.0.33-0ubuntu0.22.04.2 (Ubuntu)

Copyright (c) 2000, 2023, Oracle and/or its affiliates.

Oracle is a registered trademark of Oracle Corporation and/or its
affiliates. Other names may be trademarks of their respective
owners.

Type 'help;' or '\h' for help. Type '\c' to clear the current input statement.

mysql> SHOW DATABASES;
+--------------------+
| Database           |
+--------------------+
| information_schema |
| mysql              |
| performance_schema |
| sys                |
| testdb             |
+--------------------+
5 rows in set (0.00 sec)

mysql> CREATE DATABASE DogWalkService;
Query OK, 1 row affected (0.00 sec)

mysql> USE DogWalkService;
Database changed
mysql> INSERT INTO Users (username, email, password_hash, role)
    -> VALUES
    -> ('alice123', 'alice@example.com', 'hashed123', 'owner'),
    -> ('bobwalker', 'bob@example.com', 'hashed456', 'walker'),
    -> ('carol123', 'carol@example.com', 'hashed789', 'owner'),
    -> ('davidwalker', 'david@example.com', 'hashed321', 'walker'),
    -> ('emilyowner', 'emily@example.com', 'hashed654', 'owner');
ERROR 1064 (42000): You have an error in your SQL syntax; check the manual that corresponds to your MySQL server version for the right syntax to use near 'VALUES
('alice123', 'alice@example.com', 'hashed123', 'owner'),
('bobwalker', ' at line 2
mysql>
mysql> INSERT INTO Dogs (owner_id, name, size)
    -> VALUES
    -> ((SELECT user_id FROM Users WHERE username = 'johnnydog'), 'Buddy', 'medium'),
    -> ((SELECT user_id FROM Users WHERE username = 'sarapaws'), 'Luna', 'small'),
    -> ((SELECT user_id FROM Users WHERE username = 'johnnydog'), 'Zeus', 'large'),
    -> ((SELECT user_id FROM Users WHERE username = 'sarapaws'), 'Milo', 'medium'),
    -> ((SELECT user_id FROM Users WHERE username = 'miaowner'), 'Coco', 'small');
ERROR 1064 (42000): You have an error in your SQL syntax; check the manual that corresponds to your MySQL server version for the right syntax to use near 'VALUES
((SELECT user_id FROM Users WHERE username = 'johnnydog'), 'Buddy', 'me' at line 2
mysql>
mysql>
mysql>
mysql>
mysql>
mysql> INSERT INTO WalkRequests (dog_id, requested_time, duration_minutes, location, status)
    -> VALUES
    -> ((SELECT dog_id FROM Dogs WHERE name = 'Buddy'), '2025-06-10 08:00:00', 30, 'Oakwood Park', 'open'),
    -> ((SELECT dog_id FROM Dogs WHERE name = 'Luna'), '2025-06-10 09:30:00', 45, 'Seaside Boulevard', 'accepted'),
    -> ((SELECT dog_id FROM Dogs WHERE name = 'Zeus'), '2025-06-11 10:00:00', 60, 'Downtown Garden', 'open'),
    -> ((SELECT dog_id FROM Dogs WHERE name = 'Milo'), '2025-06-12 07:30:00', 30, 'Greenway Trail', 'open'),
    -> ((SELECT dog_id FROM Dogs WHERE name = 'Coco'), '2025-06-13 11:00:00', 20, 'Sunset Street', 'cancelled');
ERROR 1064 (42000): You have an error in your SQL syntax; check the manual that corresponds to your MySQL server version for the right syntax to use near 'VALUES
((SELECT dog_id FROM Dogs WHERE name = 'Buddy'), '2025-06-10 08:00:00',' at line 2
mysql> SELECT * FROM Users;
ERROR 1146 (42S02): Table 'DogWalkService.Users' doesn't exist
mysql>
ChatGPT said:
Thanks for sharing the full log â€” the issue is very clear now:

âŒ Problems You're Facing:
You tried to insert into Users, Dogs, and WalkRequests tables â€” but those tables do not exist yet.

Thatâ€™s why youâ€™re getting this:

ERROR 1146 (42S02): Table 'DogWalkService.Users' doesn't exist
âœ… Solution: You must create the tables first before inserting data
Run the following step-by-step inside MySQL:

ðŸ”¨ Step 1: Create Users Table
CREATE TABLE Users (
    user_id INT AUTO_INCREMENT PRIMARY KEY,
    username VARCHAR(50) UNIQUE NOT NULL,
    email VARCHAR(100) UNIQUE NOT NULL,
    password_hash VARCHAR(255) NOT NULL,
    role ENUM('owner', 'walker') NOT NULL,
    created_at TIMESTAMP DEFAULT CURRENT_TIMESTAMP
);
ðŸ”¨ Step 2: Create Dogs Table
CREATE TABLE Dogs (
    dog_id INT AUTO_INCREMENT PRIMARY KEY,
    owner_id INT NOT NULL,
    name VARCHAR(50) NOT NULL,
    size ENUM('small', 'medium', 'large') NOT NULL,
    FOREIGN KEY (owner_id) REFERENCES Users(user_id)
);
ðŸ”¨ Step 3: Create WalkRequests Table
CREATE TABLE WalkRequests (
    request_id INT AUTO_INCREMENT PRIMARY KEY,
    dog_id INT NOT NULL,
    requested_time DATETIME NOT NULL,
    duration_minutes INT NOT NULL,
    location VARCHAR(255) NOT NULL,
    status ENUM('open', 'accepted', 'completed', 'cancelled') DEFAULT 'open',
    created_at TIMESTAMP DEFAULT CURRENT_TIMESTAMP,
    FOREIGN KEY (dog_id) REFERENCES Dogs(dog_id)
);
âœ… Step 4: Now Insert Users
After creating the tables, you can now insert users:

INSERT INTO Users (username, email, password_hash, role)
VALUES
('alice123', 'alice@example.com', 'hashed123', 'owner'),
('bobwalker', 'bob@example.com', 'hashed456', 'walker'),
('carol123', 'carol@example.com', 'hashed789', 'owner'),
('davidwalker', 'david@example.com', 'hashed321', 'walker'),
('emilyowner', 'emily@example.com', 'hashed654', 'owner');
âœ… Step 5: Verify Insert
SELECT * FROM Users;
Let me know when you're done with steps 1â€“4. Then Iâ€™ll guide you through inserting dogs using subqueries properly.

You said:
@azizul-hakim697 âžœ /workspaces/final-exam-wdc-2025-azizul-hakim697 (main) $ sudo mysql -u root
SHOW DATABASES;
Welcome to the MySQL monitor.  Commands end with ; or \g.
Your MySQL connection id is 14
Server version: 8.0.33-0ubuntu0.22.04.2 (Ubuntu)

Copyright (c) 2000, 2023, Oracle and/or its affiliates.

Oracle is a registered trademark of Oracle Corporation and/or its
affiliates. Other names may be trademarks of their respective
owners.

Type 'help;' or '\h' for help. Type '\c' to clear the current input statement.

mysql> SHOW DATABASES;
+--------------------+
| Database           |
+--------------------+
| information_schema |
| mysql              |
| performance_schema |
| sys                |
| testdb             |
+--------------------+
5 rows in set (0.00 sec)

mysql> CREATE DATABASE DogWalkService;
Query OK, 1 row affected (0.00 sec)

mysql> USE DogWalkService;
Database changed
mysql> INSERT INTO Users (username, email, password_hash, role)
    -> VALUES
    -> ('alice123', 'alice@example.com', 'hashed123', 'owner'),
    -> ('bobwalker', 'bob@example.com', 'hashed456', 'walker'),
    -> ('carol123', 'carol@example.com', 'hashed789', 'owner'),
    -> ('davidwalker', 'david@example.com', 'hashed321', 'walker'),
    -> ('emilyowner', 'emily@example.com', 'hashed654', 'owner');
ERROR 1064 (42000): You have an error in your SQL syntax; check the manual that corresponds to your MySQL server version for the right syntax to use near 'VALUES
('alice123', 'alice@example.com', 'hashed123', 'owner'),
('bobwalker', ' at line 2
mysql>
mysql> INSERT INTO Dogs (owner_id, name, size)
    -> VALUES
    -> ((SELECT user_id FROM Users WHERE username = 'johnnydog'), 'Buddy', 'medium'),
    -> ((SELECT user_id FROM Users WHERE username = 'sarapaws'), 'Luna', 'small'),
    -> ((SELECT user_id FROM Users WHERE username = 'johnnydog'), 'Zeus', 'large'),
    -> ((SELECT user_id FROM Users WHERE username = 'sarapaws'), 'Milo', 'medium'),
    -> ((SELECT user_id FROM Users WHERE username = 'miaowner'), 'Coco', 'small');
ERROR 1064 (42000): You have an error in your SQL syntax; check the manual that corresponds to your MySQL server version for the right syntax to use near 'VALUES
((SELECT user_id FROM Users WHERE username = 'johnnydog'), 'Buddy', 'me' at line 2
mysql>
mysql>
mysql>
mysql>
mysql>
mysql> INSERT INTO WalkRequests (dog_id, requested_time, duration_minutes, location, status)
    -> VALUES
    -> ((SELECT dog_id FROM Dogs WHERE name = 'Buddy'), '2025-06-10 08:00:00', 30, 'Oakwood Park', 'open'),
    -> ((SELECT dog_id FROM Dogs WHERE name = 'Luna'), '2025-06-10 09:30:00', 45, 'Seaside Boulevard', 'accepted'),
    -> ((SELECT dog_id FROM Dogs WHERE name = 'Zeus'), '2025-06-11 10:00:00', 60, 'Downtown Garden', 'open'),
    -> ((SELECT dog_id FROM Dogs WHERE name = 'Milo'), '2025-06-12 07:30:00', 30, 'Greenway Trail', 'open'),
    -> ((SELECT dog_id FROM Dogs WHERE name = 'Coco'), '2025-06-13 11:00:00', 20, 'Sunset Street', 'cancelled');
ERROR 1064 (42000): You have an error in your SQL syntax; check the manual that corresponds to your MySQL server version for the right syntax to use near 'VALUES
((SELECT dog_id FROM Dogs WHERE name = 'Buddy'), '2025-06-10 08:00:00',' at line 2
mysql> SELECT * FROM Users;
ERROR 1146 (42S02): Table 'DogWalkService.Users' doesn't exist
mysql>
ChatGPT said:
Thanks for the detailed log â€” it confirms that:

âœ… You successfully created the database DogWalkService

âŒ But you're trying to insert data before creating any tables â€” that's why MySQL says:

ERROR 1146 (42S02): Table 'DogWalkService.Users' doesn't exist
âœ… Step-by-Step Fix
Please copy and paste these SQL commands inside your MySQL prompt (mysql>):

ðŸ”§ Step 1: Create the Users table
CREATE TABLE Users (
    user_id INT AUTO_INCREMENT PRIMARY KEY,
    username VARCHAR(50) UNIQUE NOT NULL,
    email VARCHAR(100) UNIQUE NOT NULL,
    password_hash VARCHAR(255) NOT NULL,
    role ENUM('owner', 'walker') NOT NULL,
    created_at TIMESTAMP DEFAULT CURRENT_TIMESTAMP
);
ðŸ”§ Step 2: Create the Dogs table
CREATE TABLE Dogs (
    dog_id INT AUTO_INCREMENT PRIMARY KEY,
    owner_id INT NOT NULL,
    name VARCHAR(50) NOT NULL,
    size ENUM('small', 'medium', 'large') NOT NULL,
    FOREIGN KEY (owner_id) REFERENCES Users(user_id)
);
ðŸ”§ Step 3: Create the WalkRequests table
CREATE TABLE WalkRequests (
    request_id INT AUTO_INCREMENT PRIMARY KEY,
    dog_id INT NOT NULL,
    requested_time DATETIME NOT NULL,
    duration_minutes INT NOT NULL,
    location VARCHAR(255) NOT NULL,
    status ENUM('open', 'accepted', 'completed', 'cancelled') DEFAULT 'open',
    created_at TIMESTAMP DEFAULT CURRENT_TIMESTAMP,
    FOREIGN KEY (dog_id) REFERENCES Dogs(dog_id)
);
âœ… Step 4: Now Insert Users
INSERT INTO Users (username, email, password_hash, role) VALUES
('alice123', 'alice@example.com', 'hashed123', 'owner'),
('bobwalker', 'bob@example.com', 'hashed456', 'walker'),
('carol123', 'carol@example.com', 'hashed789', 'owner'),
('davidwalker', 'david@example.com', 'hashed321', 'walker'),
('emilyowner', 'emily@example.com', 'hashed654', 'owner');
âœ… Step 5: Check That Users Were Inserted
SELECT * FROM Users;
Please follow these steps one at a time inside your MySQL prompt. Let me know once you've reached Step 5, and then Iâ€™ll guide you with the proper Dogs insert using working subqueries.

You said:
DROP DATABASE IF EXISTS DogWalkService;
CREATE DATABASE DogWalkService;
USE DogWalkService;
CREATE TABLE Users (
    user_id INT AUTO_INCREMENT PRIMARY KEY,
    username VARCHAR(50) UNIQUE NOT NULL,
    email VARCHAR(100) UNIQUE NOT NULL,
    password_hash VARCHAR(255) NOT NULL,
    role ENUM('owner', 'walker') NOT NULL,
    created_at TIMESTAMP DEFAULT CURRENT_TIMESTAMP
);

CREATE TABLE Dogs (
    dog_id INT AUTO_INCREMENT PRIMARY KEY,
    owner_id INT NOT NULL,
    name VARCHAR(50) NOT NULL,
    size ENUM('small', 'medium', 'large') NOT NULL,
    FOREIGN KEY (owner_id) REFERENCES Users(user_id)
);

CREATE TABLE WalkRequests (
    request_id INT AUTO_INCREMENT PRIMARY KEY,
    dog_id INT NOT NULL,
    requested_time DATETIME NOT NULL,
    duration_minutes INT NOT NULL,
    location VARCHAR(255) NOT NULL,
    status ENUM('open', 'accepted', 'completed', 'cancelled') DEFAULT 'open',
    created_at TIMESTAMP DEFAULT CURRENT_TIMESTAMP,
    FOREIGN KEY (dog_id) REFERENCES Dogs(dog_id)
);

CREATE TABLE WalkApplications (
    application_id INT AUTO_INCREMENT PRIMARY KEY,
    request_id INT NOT NULL,
    walker_id INT NOT NULL,
    applied_at TIMESTAMP DEFAULT CURRENT_TIMESTAMP,
    status ENUM('pending', 'accepted', 'rejected') DEFAULT 'pending',
    FOREIGN KEY (request_id) REFERENCES WalkRequests(request_id),
    FOREIGN KEY (walker_id) REFERENCES Users(user_id),
    CONSTRAINT unique_application UNIQUE (request_id, walker_id)
);

CREATE TABLE WalkRatings (
    rating_id INT AUTO_INCREMENT PRIMARY KEY,
    request_id INT NOT NULL,
    walker_id INT NOT NULL,
    owner_id INT NOT NULL,
    rating INT CHECK (rating BETWEEN 1 AND 5),
    comments TEXT,
    rated_at TIMESTAMP DEFAULT CURRENT_TIMESTAMP,
    FOREIGN KEY (request_id) REFERENCES WalkRequests(request_id),
    FOREIGN KEY (walker_id) REFERENCES Users(user_id),
    FOREIGN KEY (owner_id) REFERENCES Users(user_id),
    CONSTRAINT unique_rating_per_walk UNIQUE (request_id)
);

what are these?
ChatGPT said:
Great question!

The SQL code you've posted is a complete database schema definition for a web application called DogWalkService. Let me explain what each part does:

ðŸ” DROP DATABASE IF EXISTS DogWalkService;
Purpose: Deletes the database if it already exists.

Why: Useful during development so you can start fresh each time you run the script.

ðŸ—ï¸ CREATE DATABASE DogWalkService;
Purpose: Creates a new database named DogWalkService.

ðŸ“Œ USE DogWalkService;
Purpose: Tells MySQL to use this database for the upcoming operations.

ðŸ—‚ï¸ Table Definitions
1. ðŸ§â€â™‚ï¸ Users Table
CREATE TABLE Users (
    ...
);
Stores all users (either dog owners or walkers)

role is restricted to 'owner' or 'walker'

user_id is the primary key

2. ðŸ¶ Dogs Table
CREATE TABLE Dogs (
    ...
);
Stores dog information

Each dog is owned by a user

owner_id is a foreign key pointing to Users(user_id)

3. ðŸ¾ WalkRequests Table
CREATE TABLE WalkRequests (
    ...
);
Owners create walk requests for their dogs

Each request includes date/time, duration, location, and status

Links to a dog via dog_id

4. ðŸ§‘â€ðŸ’¼ WalkApplications Table
CREATE TABLE WalkApplications (
    ...
);
Walkers can apply to walk a dog for a given request

One walker can apply once per request (enforced by UNIQUE(request_id, walker_id))

5. â­ WalkRatings Table
CREATE TABLE WalkRatings (
    ...
);
After a walk, the owner can rate the walker

Linked to the specific walk request, walker, and owner

Only one rating allowed per request (UNIQUE(request_id))

ðŸ”— What Are These Keywords?
PRIMARY KEY: Uniquely identifies a row

FOREIGN KEY: Links this table to another table

AUTO_INCREMENT: Automatically generates a unique ID

ENUM: Restricts column to specific values (e.g., 'owner', 'walker')

CHECK: Ensures a column follows certain rules (e.g., rating between 1 and 5)

TIMESTAMP DEFAULT CURRENT_TIMESTAMP: Automatically records the current time

âœ… Overall Summary
This script fully prepares the database structure needed for your DogWalkService web app, with all the relationships between users, dogs, walk requests, applications, and ratings.

Let me know if you'd like a visual ER diagram or want to move forward with inserting sample data into these tables.

You said:
Let me re explain the who scenario. I have a database. this is the filename
dogwalks.sql. and codes below
DROP DATABASE IF EXISTS DogWalkService;
CREATE DATABASE DogWalkService;
USE DogWalkService;
CREATE TABLE Users (
    user_id INT AUTO_INCREMENT PRIMARY KEY,
    username VARCHAR(50) UNIQUE NOT NULL,
    email VARCHAR(100) UNIQUE NOT NULL,
    password_hash VARCHAR(255) NOT NULL,
    role ENUM('owner', 'walker') NOT NULL,
    created_at TIMESTAMP DEFAULT CURRENT_TIMESTAMP
);

CREATE TABLE Dogs (
    dog_id INT AUTO_INCREMENT PRIMARY KEY,
    owner_id INT NOT NULL,
    name VARCHAR(50) NOT NULL,
    size ENUM('small', 'medium', 'large') NOT NULL,
    FOREIGN KEY (owner_id) REFERENCES Users(user_id)
);

CREATE TABLE WalkRequests (
    request_id INT AUTO_INCREMENT PRIMARY KEY,
    dog_id INT NOT NULL,
    requested_time DATETIME NOT NULL,
    duration_minutes INT NOT NULL,
    location VARCHAR(255) NOT NULL,
    status ENUM('open', 'accepted', 'completed', 'cancelled') DEFAULT 'open',
    created_at TIMESTAMP DEFAULT CURRENT_TIMESTAMP,
    FOREIGN KEY (dog_id) REFERENCES Dogs(dog_id)
);

CREATE TABLE WalkApplications (
    application_id INT AUTO_INCREMENT PRIMARY KEY,
    request_id INT NOT NULL,
    walker_id INT NOT NULL,
    applied_at TIMESTAMP DEFAULT CURRENT_TIMESTAMP,
    status ENUM('pending', 'accepted', 'rejected') DEFAULT 'pending',
    FOREIGN KEY (request_id) REFERENCES WalkRequests(request_id),
    FOREIGN KEY (walker_id) REFERENCES Users(user_id),
    CONSTRAINT unique_application UNIQUE (request_id, walker_id)
);

CREATE TABLE WalkRatings (
    rating_id INT AUTO_INCREMENT PRIMARY KEY,
    request_id INT NOT NULL,
    walker_id INT NOT NULL,
    owner_id INT NOT NULL,
    rating INT CHECK (rating BETWEEN 1 AND 5),
    comments TEXT,
    rated_at TIMESTAMP DEFAULT CURRENT_TIMESTAMP,
    FOREIGN KEY (request_id) REFERENCES WalkRequests(request_id),
    FOREIGN KEY (walker_id) REFERENCES Users(user_id),
    FOREIGN KEY (owner_id) REFERENCES Users(user_id),
    CONSTRAINT unique_rating_per_walk UNIQUE (request_id)
);

it is already there but not showing. terminal gives the following commands
@azizul-hakim697 âžœ /workspaces/final-exam-wdc-2025-azizul-hakim697 (main) $ sudo mysql -u root
SHOW DATABASES;
Welcome to the MySQL monitor.  Commands end with ; or \g.
Your MySQL connection id is 14
Server version: 8.0.33-0ubuntu0.22.04.2 (Ubuntu)

Copyright (c) 2000, 2023, Oracle and/or its affiliates.

Oracle is a registered trademark of Oracle Corporation and/or its
affiliates. Other names may be trademarks of their respective
owners.

Type 'help;' or '\h' for help. Type '\c' to clear the current input statement.

mysql> SHOW DATABASES;
+--------------------+
| Database           |
+--------------------+
| information_schema |
| mysql              |
| performance_schema |
| sys                |
| testdb             |
+--------------------+
5 rows in set (0.00 sec)

mysql> CREATE DATABASE DogWalkService;
Query OK, 1 row affected (0.00 sec)

mysql> USE DogWalkService;
Database changed
mysql> INSERT INTO Users (username, email, password_hash, role)
    -> VALUES
    -> ('alice123', 'alice@example.com', 'hashed123', 'owner'),
    -> ('bobwalker', 'bob@example.com', 'hashed456', 'walker'),
    -> ('carol123', 'carol@example.com', 'hashed789', 'owner'),
    -> ('davidwalker', 'david@example.com', 'hashed321', 'walker'),
    -> ('emilyowner', 'emily@example.com', 'hashed654', 'owner');
ERROR 1064 (42000): You have an error in your SQL syntax; check the manual that corresponds to your MySQL server version for the right syntax to use near 'VALUES
('alice123', 'alice@example.com', 'hashed123', 'owner'),
('bobwalker', ' at line 2
mysql>
mysql> INSERT INTO Dogs (owner_id, name, size)
    -> VALUES
    -> ((SELECT user_id FROM Users WHERE username = 'johnnydog'), 'Buddy', 'medium'),
    -> ((SELECT user_id FROM Users WHERE username = 'sarapaws'), 'Luna', 'small'),
    -> ((SELECT user_id FROM Users WHERE username = 'johnnydog'), 'Zeus', 'large'),
    -> ((SELECT user_id FROM Users WHERE username = 'sarapaws'), 'Milo', 'medium'),
    -> ((SELECT user_id FROM Users WHERE username = 'miaowner'), 'Coco', 'small');
ERROR 1064 (42000): You have an error in your SQL syntax; check the manual that corresponds to your MySQL server version for the right syntax to use near 'VALUES
((SELECT user_id FROM Users WHERE username = 'johnnydog'), 'Buddy', 'me' at line 2
mysql>
mysql>
mysql>
mysql>
mysql>
mysql> INSERT INTO WalkRequests (dog_id, requested_time, duration_minutes, location, status)
    -> VALUES
    -> ((SELECT dog_id FROM Dogs WHERE name = 'Buddy'), '2025-06-10 08:00:00', 30, 'Oakwood Park', 'open'),
    -> ((SELECT dog_id FROM Dogs WHERE name = 'Luna'), '2025-06-10 09:30:00', 45, 'Seaside Boulevard', 'accepted'),
    -> ((SELECT dog_id FROM Dogs WHERE name = 'Zeus'), '2025-06-11 10:00:00', 60, 'Downtown Garden', 'open'),
    -> ((SELECT dog_id FROM Dogs WHERE name = 'Milo'), '2025-06-12 07:30:00', 30, 'Greenway Trail', 'open'),
    -> ((SELECT dog_id FROM Dogs WHERE name = 'Coco'), '2025-06-13 11:00:00', 20, 'Sunset Street', 'cancelled');
ERROR 1064 (42000): You have an error in your SQL syntax; check the manual that corresponds to your MySQL server version for the right syntax to use near 'VALUES
((SELECT dog_id FROM Dogs WHERE name = 'Buddy'), '2025-06-10 08:00:00',' at line 2
mysql> SELECT * FROM Users;
ERROR 1146 (42S02): Table 'DogWalkService.Users' doesn't exist
mysql>

whats the issue and how to solve it. Show step by step in details
ChatGPT said:
Thank you for the detailed breakdown â€” you're very close! Letâ€™s go step by step to fix this once and for all.

ðŸ› ï¸ ðŸš¨ Root of the Issue
You have a SQL schema saved in a file: dogwalks.sql
âœ… But you never actually imported it into MySQL.
So when you run:

SELECT * FROM Users;
MySQL says:

ERROR 1146 (42S02): Table 'DogWalkService.Users' doesn't exist
Because although the file dogwalks.sql contains the table definitions, theyâ€™re not yet executed inside MySQL.

âœ… Step-by-Step Fix
âœ… Step 1: Make Sure MySQL is Running
Run this from terminal:

sudo service mysql start
You should see:

* Starting MySQL database server mysqld    [ OK ]
âœ… Step 2: Confirm Your SQL File Exists
Check your file is there:

ls
Make sure dogwalks.sql appears in the list.

âœ… Step 3: Import the SQL File into MySQL
Run this from the terminal, NOT inside MySQL:

sudo mysql -u root < dogwalks.sql
ðŸ“Œ What this does:
Executes everything in dogwalks.sql, including:

Dropping and creating DogWalkService

Creating all 5 tables: Users, Dogs, WalkRequests, etc.

âœ… Step 4: Enter MySQL and Check
Now go into MySQL:

sudo mysql -u root
Then run:

SHOW DATABASES;
You should now see:

DogWalkService
Then switch to it:

USE DogWalkService;
Check if tables were created:

SHOW TABLES;
You should see:

Users
Dogs
WalkRequests
WalkApplications
WalkRatings
âœ… Step 5: Now Insert Data
Once the tables are ready, now you can insert rows like:

INSERT INTO Users (username, email, password_hash, role)
VALUES
('alice123', 'alice@example.com', 'hashed123', 'owner'),
('bobwalker', 'bob@example.com', 'hashed456', 'walker');
ðŸ’¡ Notes on Past Errors
âŒ Your insert command failed due to formatting:
You probably pasted INSERT INTO ... VALUES ... with line breaks in the wrong way inside the MySQL shell. Thatâ€™s why it said:

ERROR 1064 (42000): ... near 'VALUES'
To avoid that, either paste one command per line, or use a SQL file.

ðŸ§ª Final Tip: Verify Data
Once you've inserted users, verify:

SELECT * FROM Users;
âœ… Summary of Commands
# Terminal
sudo service mysql start
sudo mysql -u root < dogwalks.sql
sudo mysql -u root
-- Inside MySQL
SHOW DATABASES;
USE DogWalkService;
SHOW TABLES;

-- Insert data only after tables exist
INSERT INTO Users (username, email, password_hash, role)
VALUES ('alice123', 'alice@example.com', 'hashed123', 'owner');

SELECT * FROM Users;
Let me know if you want help inserting data into Dogs, WalkRequests, or generating test values!

You said:
Uploaded image
above is my folder structure
@azizul-hakim697 âžœ /workspaces/final-exam-wdc-2025-azizul-hakim697 (main) $ sudo mysql -u root
SHOW DATABASES;
Welcome to the MySQL monitor.  Commands end with ; or \g.
Your MySQL connection id is 14
Server version: 8.0.33-0ubuntu0.22.04.2 (Ubuntu)

Copyright (c) 2000, 2023, Oracle and/or its affiliates.

Oracle is a registered trademark of Oracle Corporation and/or its
affiliates. Other names may be trademarks of their respective
owners.

Type 'help;' or '\h' for help. Type '\c' to clear the current input statement.

mysql> SHOW DATABASES;
+--------------------+
| Database           |
+--------------------+
| information_schema |
| mysql              |
| performance_schema |
| sys                |
| testdb             |
+--------------------+
5 rows in set (0.00 sec)

mysql> CREATE DATABASE DogWalkService;
Query OK, 1 row affected (0.00 sec)

mysql> USE DogWalkService;
Database changed
mysql> INSERT INTO Users (username, email, password_hash, role)
    -> VALUES
    -> ('alice123', 'alice@example.com', 'hashed123', 'owner'),
    -> ('bobwalker', 'bob@example.com', 'hashed456', 'walker'),
    -> ('carol123', 'carol@example.com', 'hashed789', 'owner'),
    -> ('davidwalker', 'david@example.com', 'hashed321', 'walker'),
    -> ('emilyowner', 'emily@example.com', 'hashed654', 'owner');
ERROR 1064 (42000): You have an error in your SQL syntax; check the manual that corresponds to your MySQL server version for the right syntax to use near 'VALUES
('alice123', 'alice@example.com', 'hashed123', 'owner'),
('bobwalker', ' at line 2
mysql>
mysql> INSERT INTO Dogs (owner_id, name, size)
    -> VALUES
    -> ((SELECT user_id FROM Users WHERE username = 'johnnydog'), 'Buddy', 'medium'),
    -> ((SELECT user_id FROM Users WHERE username = 'sarapaws'), 'Luna', 'small'),
    -> ((SELECT user_id FROM Users WHERE username = 'johnnydog'), 'Zeus', 'large'),
    -> ((SELECT user_id FROM Users WHERE username = 'sarapaws'), 'Milo', 'medium'),
    -> ((SELECT user_id FROM Users WHERE username = 'miaowner'), 'Coco', 'small');
ERROR 1064 (42000): You have an error in your SQL syntax; check the manual that corresponds to your MySQL server version for the right syntax to use near 'VALUES
((SELECT user_id FROM Users WHERE username = 'johnnydog'), 'Buddy', 'me' at line 2
mysql>
mysql>
mysql>
mysql>
mysql>
mysql> INSERT INTO WalkRequests (dog_id, requested_time, duration_minutes, location, status)
    -> VALUES
    -> ((SELECT dog_id FROM Dogs WHERE name = 'Buddy'), '2025-06-10 08:00:00', 30, 'Oakwood Park', 'open'),
    -> ((SELECT dog_id FROM Dogs WHERE name = 'Luna'), '2025-06-10 09:30:00', 45, 'Seaside Boulevard', 'accepted'),
    -> ((SELECT dog_id FROM Dogs WHERE name = 'Zeus'), '2025-06-11 10:00:00', 60, 'Downtown Garden', 'open'),
    -> ((SELECT dog_id FROM Dogs WHERE name = 'Milo'), '2025-06-12 07:30:00', 30, 'Greenway Trail', 'open'),
    -> ((SELECT dog_id FROM Dogs WHERE name = 'Coco'), '2025-06-13 11:00:00', 20, 'Sunset Street', 'cancelled');
ERROR 1064 (42000): You have an error in your SQL syntax; check the manual that corresponds to your MySQL server version for the right syntax to use near 'VALUES
((SELECT dog_id FROM Dogs WHERE name = 'Buddy'), '2025-06-10 08:00:00',' at line 2
mysql> SELECT * FROM Users;
ERROR 1146 (42S02): Table 'DogWalkService.Users' doesn't exist
mysql> ^C
mysql> ^C
mysql> exit
Bye
bash: SHOW: command not found
@azizul-hakim697 âžœ /workspaces/final-exam-wdc-2025-azizul-hakim697 (main) $ SELECT * FROM Users;
bash: SELECT: command not found
@azizul-hakim697 âžœ /workspaces/final-exam-wdc-2025-azizul-hakim697 (main) $ sudo service mysql start
 * Starting MySQL database server mysqld                          [ OK ]
@azizul-hakim697 âžœ /workspaces/final-exam-wdc-2025-azizul-hakim697 (main) $ cd
@azizul-hakim697 âžœ ~ $ part1
bash: part1: command not found
@azizul-hakim697 âžœ ~ $ cd part1
bash: cd: part1: No such file or directory
@azizul-hakim697 âžœ ~ $ cd part1
bash: cd: part1: No such file or directory
@azizul-hakim697 âžœ ~ $ cd part1
bash: cd: part1: No such file or directory
@azizul-hakim697 âžœ ~ $ cd part1
bash: cd: part1: No such file or directory
@azizul-hakim697 âžœ ~ $
ChatGPT said:
Thanks for the clarification â€” you're almost there! Based on your messages and file structure, here's exactly what's happening and how to fix it step by step:

ðŸ§  The Situation Recap
âœ… You have a SQL file: dogwalks.sql

âŒ You did not run that SQL file yet, so the tables donâ€™t exist

âŒ You're trying to run SQL queries in the MySQL shell without tables

âŒ You're trying to cd part1 from your home directory ~ â€” but part1 is not there

âœ… Step-by-Step Guide to Fix Everything
ðŸŸ¨ Step 1: Go to your correct folder
Run this to go back to your project root:

cd /workspaces/final-exam-wdc-2025-azizul-hakim697/part1
ðŸ§  You need to be here because dogwalks.sql lives in that folder.

ðŸŸ© Step 2: Import your SQL file
This is the step you missed earlier. Run this from the terminal, not the MySQL prompt:

sudo mysql -u root < dogwalks.sql
âœ… This executes all the SQL statements in dogwalks.sql:

Creates the database DogWalkService

Creates all tables like Users, Dogs, etc.

ðŸŸ¦ Step 3: Go into MySQL to confirm
sudo mysql -u root
Then inside MySQL:

SHOW DATABASES;
USE DogWalkService;
SHOW TABLES;
You should now see:

+---------------------+
| Tables_in_DogWalkService |
+---------------------+
| Users               |
| Dogs                |
| WalkRequests        |
| WalkApplications    |
| WalkRatings         |
+---------------------+
ðŸŸ§ Step 4: Insert data into tables
If tables exist now, run this:

INSERT INTO Users (username, email, password_hash, role)
VALUES
('alice123', 'alice@example.com', 'hashed123', 'owner'),
('bobwalker', 'bob@example.com', 'hashed456', 'walker'),
('carol123', 'carol@example.com', 'hashed789', 'owner'),
('davidwalker', 'david@example.com', 'hashed321', 'walker'),
('emilyowner', 'emily@example.com', 'hashed654', 'owner');
âœ… Now you can do:

SELECT * FROM Users;
ðŸ› ï¸ Common Errors to Avoid
Mistake	Fix
Running SQL like SELECT from bash	Must be inside MySQL shell (sudo mysql -u root)
Trying to cd part1 from ~	Always cd into /workspaces/final-exam-wdc-2025-azizul-hakim697/part1
Forgetting to import the .sql file	Use sudo mysql -u root < dogwalks.sql to run it
Let me know if you want help inserting the dogs next, or automating it via your app.js file.

You said:
 $ sudo service mysql start
 * Starting MySQL database server mysqld                          [ OK ]
@azizul-hakim697 âžœ /workspaces/final-exam-wdc-2025-azizul-hakim697 (main) $ cd
@azizul-hakim697 âžœ ~ $ part1
bash: part1: command not found
@azizul-hakim697 âžœ ~ $ cd part1
bash: cd: part1: No such file or directory
@azizul-hakim697 âžœ ~ $ cd part1
bash: cd: part1: No such file or directory
@azizul-hakim697 âžœ ~ $ cd part1
bash: cd: part1: No such file or directory
@azizul-hakim697 âžœ ~ $ cd part1
bash: cd: part1: No such file or directory
@azizul-hakim697 âžœ ~ $ cd /workspaces/final-exam-wdc-2025-azizul-hakim697/part1
@azizul-hakim697 âžœ /workspaces/final-exam-wdc-2025-azizul-hakim697/part1 (main) $ sudo mysql -u root < dogwalks.sql
@azizul-hakim697 âžœ /workspaces/final-exam-wdc-2025-azizul-hakim697/part1 (main) $ sudo mysql -u root
Welcome to the MySQL monitor.  Commands end with ; or \g.
Your MySQL connection id is 17
Server version: 8.0.33-0ubuntu0.22.04.2 (Ubuntu)

Copyright (c) 2000, 2023, Oracle and/or its affiliates.

Oracle is a registered trademark of Oracle Corporation and/or its
affiliates. Other names may be trademarks of their respective
owners.

Type 'help;' or '\h' for help. Type '\c' to clear the current input statement.

mysql> SHOW DATABASES;
+--------------------+
| Database           |
+--------------------+
| DogWalkService     |
| information_schema |
| mysql              |
| performance_schema |
| sys                |
| testdb             |
+--------------------+
6 rows in set (0.00 sec)

mysql> USE DogWalkService;
Reading table information for completion of table and column names
You can turn off this feature to get a quicker startup with -A

Database changed
mysql> SHOW TABLES;
+--------------------------+
| Tables_in_DogWalkService |
+--------------------------+
| Dogs                     |
| Users                    |
| WalkApplications         |
| WalkRatings              |
| WalkRequests             |
+--------------------------+
5 rows in set (0.01 sec)

mysql> INSERT INTO Users (username, email, password_hash, role)
    -> VALUES
    -> ('alice123', 'alice@example.com', 'hashed123', 'owner'),
    -> ('bobwalker', 'bob@example.com', 'hashed456', 'walker'),
    -> ('carol123', 'carol@example.com', 'hashed789', 'owner'),
    -> ('davidwalker', 'david@example.com', 'hashed321', 'walker'),
    -> ('emilyowner', 'emily@example.com', 'hashed654', 'owner');
ERROR 1064 (42000): You have an error in your SQL syntax; check the manual that corresponds to your MySQL server version for the right syntax to use near 'VALUES
('alice123', 'alice@example.com', 'hashed123', 'owner'),
('bobwalker', ' at line 2
mysql>
ChatGPT said:
Excellent progress! You've:

âœ… Started MySQL
âœ… Navigated to the correct directory
âœ… Successfully imported dogwalks.sql
âœ… Confirmed all 5 tables are present in the DogWalkService database ðŸŽ‰

ðŸ› ï¸ What's the Current Problem?
You're getting:

ERROR 1064 (42000): You have an error in your SQL syntax near 'VALUES ...'
This happens when multi-line input formatting goes wrong in the MySQL shell.

âœ… 2 Ways to Fix It
âœ… Option 1: Insert All Users in One Line (Easiest)
Copy this single-line version and paste it directly in the mysql> prompt:

INSERT INTO Users (username, email, password_hash, role) VALUES ('alice123', 'alice@example.com', 'hashed123', 'owner'), ('bobwalker', 'bob@example.com', 'hashed456', 'walker'), ('carol123', 'carol@example.com', 'hashed789', 'owner'), ('davidwalker', 'david@example.com', 'hashed321', 'walker'), ('emilyowner', 'emily@example.com', 'hashed654', 'owner');
âœ… This works because MySQL doesnâ€™t misinterpret newlines.

âœ… Option 2: Paste in Proper Multi-line SQL
Use this format exactly (with semicolon and no newlines mid-row):

INSERT INTO Users (username, email, password_hash, role)
VALUES
('alice123', 'alice@example.com', 'hashed123', 'owner'),
('bobwalker', 'bob@example.com', 'hashed456', 'walker'),
('carol123', 'carol@example.com', 'hashed789', 'owner'),
('davidwalker', 'david@example.com', 'hashed321', 'walker'),
('emilyowner', 'emily@example.com', 'hashed654', 'owner');
ðŸ§ª After That, Check If It Worked
SELECT * FROM Users;
Let me know when you're ready to insert Dogs with subqueries next â€” or if you'd prefer a pre-generated insert script for the rest.

You said:
INSERT INTO WalkRequests (dog_id, requested_time, duration_minutes, location, status)
VALUES
((SELECT dog_id FROM Dogs WHERE name = 'Buddy'), '2025-06-10 08:00:00', 30, 'Oakwood Park', 'open'),
((SELECT dog_id FROM Dogs WHERE name = 'Luna'), '2025-06-10 09:30:00', 45, 'Seaside Boulevard', 'accepted'),
((SELECT dog_id FROM Dogs WHERE name = 'Zeus'), '2025-06-11 10:00:00', 60, 'Downtown Garden', 'open'),
((SELECT dog_id FROM Dogs WHERE name = 'Milo'), '2025-06-12 07:30:00', 30, 'Greenway Trail', 'open'),
((SELECT dog_id FROM Dogs WHERE name = 'Coco'), '2025-06-13 11:00:00', 20, 'Sunset Street', 'cancelled'); fix last two wromg
ChatGPT said:
Thanks! Youâ€™re very close â€” and the issue is likely due to weird invisible characters or formatting issues (like smart quotes or a non-breaking space U+00A0) in your last two lines.

âœ… Fixed & Cleaned Version of Your SQL
Please copy and paste this cleaned SQL query directly into your MySQL prompt:

INSERT INTO WalkRequests (dog_id, requested_time, duration_minutes, location, status)
VALUES
((SELECT dog_id FROM Dogs WHERE name = 'Buddy'), '2025-06-10 08:00:00', 30, 'Oakwood Park', 'open'),
((SELECT dog_id FROM Dogs WHERE name = 'Luna'), '2025-06-10 09:30:00', 45, 'Seaside Boulevard', 'accepted'),
((SELECT dog_id FROM Dogs WHERE name = 'Zeus'), '2025-06-11 10:00:00', 60, 'Downtown Garden', 'open'),
((SELECT dog_id FROM Dogs WHERE name = 'Milo'), '2025-06-12 07:30:00', 30, 'Greenway Trail', 'open'),
((SELECT dog_id FROM Dogs WHERE name = 'Coco'), '2025-06-13 11:00:00', 20, 'Sunset Street', 'cancelled');
âœ… How to Check It Worked
Run:

SELECT * FROM WalkRequests;
You should now see all 5 rows properly inserted, each linked to a valid dog_id.

Let me know if you want to insert WalkApplications or WalkRatings next.

You said:
@azizul-hakim697 âžœ /workspaces/final-exam-wdc-2025-azizul-hakim697 (main) $ sudo mysql -u root
SHOW DATABASES;
Welcome to the MySQL monitor.  Commands end with ; or \g.
Your MySQL connection id is 14
Server version: 8.0.33-0ubuntu0.22.04.2 (Ubuntu)

Copyright (c) 2000, 2023, Oracle and/or its affiliates.

Oracle is a registered trademark of Oracle Corporation and/or its
affiliates. Other names may be trademarks of their respective
owners.

Type 'help;' or '\h' for help. Type '\c' to clear the current input statement.

mysql> SHOW DATABASES;
+--------------------+
| Database           |
+--------------------+
| information_schema |
| mysql              |
| performance_schema |
| sys                |
| testdb             |
+--------------------+
5 rows in set (0.00 sec)

mysql> CREATE DATABASE DogWalkService;
Query OK, 1 row affected (0.00 sec)

mysql> USE DogWalkService;
Database changed
mysql> INSERT INTO Users (username, email, password_hash, role)
    -> VALUES
    -> ('alice123', 'alice@example.com', 'hashed123', 'owner'),
    -> ('bobwalker', 'bob@example.com', 'hashed456', 'walker'),
    -> ('carol123', 'carol@example.com', 'hashed789', 'owner'),
    -> ('davidwalker', 'david@example.com', 'hashed321', 'walker'),
    -> ('emilyowner', 'emily@example.com', 'hashed654', 'owner');
ERROR 1064 (42000): You have an error in your SQL syntax; check the manual that corresponds to your MySQL server version for the right syntax to use near 'VALUES
('alice123', 'alice@example.com', 'hashed123', 'owner'),
('bobwalker', ' at line 2
mysql>
mysql> INSERT INTO Dogs (owner_id, name, size)
    -> VALUES
    -> ((SELECT user_id FROM Users WHERE username = 'johnnydog'), 'Buddy', 'medium'),
    -> ((SELECT user_id FROM Users WHERE username = 'sarapaws'), 'Luna', 'small'),
    -> ((SELECT user_id FROM Users WHERE username = 'johnnydog'), 'Zeus', 'large'),
    -> ((SELECT user_id FROM Users WHERE username = 'sarapaws'), 'Milo', 'medium'),
    -> ((SELECT user_id FROM Users WHERE username = 'miaowner'), 'Coco', 'small');
ERROR 1064 (42000): You have an error in your SQL syntax; check the manual that corresponds to your MySQL server version for the right syntax to use near 'VALUES
((SELECT user_id FROM Users WHERE username = 'johnnydog'), 'Buddy', 'me' at line 2
mysql>
mysql>
mysql>
mysql>
mysql>
mysql> INSERT INTO WalkRequests (dog_id, requested_time, duration_minutes, location, status)
    -> VALUES
    -> ((SELECT dog_id FROM Dogs WHERE name = 'Buddy'), '2025-06-10 08:00:00', 30, 'Oakwood Park', 'open'),
    -> ((SELECT dog_id FROM Dogs WHERE name = 'Luna'), '2025-06-10 09:30:00', 45, 'Seaside Boulevard', 'accepted'),
    -> ((SELECT dog_id FROM Dogs WHERE name = 'Zeus'), '2025-06-11 10:00:00', 60, 'Downtown Garden', 'open'),
    -> ((SELECT dog_id FROM Dogs WHERE name = 'Milo'), '2025-06-12 07:30:00', 30, 'Greenway Trail', 'open'),
    -> ((SELECT dog_id FROM Dogs WHERE name = 'Coco'), '2025-06-13 11:00:00', 20, 'Sunset Street', 'cancelled');
ERROR 1064 (42000): You have an error in your SQL syntax; check the manual that corresponds to your MySQL server version for the right syntax to use near 'VALUES
((SELECT dog_id FROM Dogs WHERE name = 'Buddy'), '2025-06-10 08:00:00',' at line 2
mysql> SELECT * FROM Users;
ERROR 1146 (42S02): Table 'DogWalkService.Users' doesn't exist
mysql> ^C
mysql> ^C
mysql> exit
Bye
bash: SHOW: command not found
@azizul-hakim697 âžœ /workspaces/final-exam-wdc-2025-azizul-hakim697 (main) $ SELECT * FROM Users;
bash: SELECT: command not found
@azizul-hakim697 âžœ /workspaces/final-exam-wdc-2025-azizul-hakim697 (main) $ sudo service mysql start
 * Starting MySQL database server mysqld                          [ OK ]
@azizul-hakim697 âžœ /workspaces/final-exam-wdc-2025-azizul-hakim697 (main) $ cd
@azizul-hakim697 âžœ ~ $ part1
bash: part1: command not found
@azizul-hakim697 âžœ ~ $ cd part1
bash: cd: part1: No such file or directory
@azizul-hakim697 âžœ ~ $ cd part1
bash: cd: part1: No such file or directory
@azizul-hakim697 âžœ ~ $ cd part1
bash: cd: part1: No such file or directory
@azizul-hakim697 âžœ ~ $ cd part1
bash: cd: part1: No such file or directory
@azizul-hakim697 âžœ ~ $ cd /workspaces/final-exam-wdc-2025-azizul-hakim697/part1
@azizul-hakim697 âžœ /workspaces/final-exam-wdc-2025-azizul-hakim697/part1 (main) $ sudo mysql -u root < dogwalks.sql
@azizul-hakim697 âžœ /workspaces/final-exam-wdc-2025-azizul-hakim697/part1 (main) $ sudo mysql -u root
Welcome to the MySQL monitor.  Commands end with ; or \g.
Your MySQL connection id is 17
Server version: 8.0.33-0ubuntu0.22.04.2 (Ubuntu)

Copyright (c) 2000, 2023, Oracle and/or its affiliates.

Oracle is a registered trademark of Oracle Corporation and/or its
affiliates. Other names may be trademarks of their respective
owners.

Type 'help;' or '\h' for help. Type '\c' to clear the current input statement.

mysql> SHOW DATABASES;
+--------------------+
| Database           |
+--------------------+
| DogWalkService     |
| information_schema |
| mysql              |
| performance_schema |
| sys                |
| testdb             |
+--------------------+
6 rows in set (0.00 sec)

mysql> USE DogWalkService;
Reading table information for completion of table and column names
You can turn off this feature to get a quicker startup with -A

Database changed
mysql> SHOW TABLES;
+--------------------------+
| Tables_in_DogWalkService |
+--------------------------+
| Dogs                     |
| Users                    |
| WalkApplications         |
| WalkRatings              |
| WalkRequests             |
+--------------------------+
5 rows in set (0.01 sec)

mysql> INSERT INTO Users (username, email, password_hash, role)
    -> VALUES
    -> ('alice123', 'alice@example.com', 'hashed123', 'owner'),
    -> ('bobwalker', 'bob@example.com', 'hashed456', 'walker'),
    -> ('carol123', 'carol@example.com', 'hashed789', 'owner'),
    -> ('davidwalker', 'david@example.com', 'hashed321', 'walker'),
    -> ('emilyowner', 'emily@example.com', 'hashed654', 'owner');
ERROR 1064 (42000): You have an error in your SQL syntax; check the manual that corresponds to your MySQL server version for the right syntax to use near 'VALUES
('alice123', 'alice@example.com', 'hashed123', 'owner'),
('bobwalker', ' at line 2
mysql> INSERT INTO Users (username, email, password_hash, role)
    -> VALUES
    -> ('alice123', 'alice@example.com', 'hashed123', 'owner'),
    -> ('bobwalker', 'bob@example.com', 'hashed456', 'walker'),
    -> ('carol123', 'carol@example.com', 'hashed789', 'owner'),
    -> ('davidwalker', 'david@example.com', 'hashed321', 'walker'),
    -> ('emilyowner', 'emily@example.com', 'hashed654', 'owner');
Query OK, 5 rows affected (0.01 sec)
Records: 5  Duplicates: 0  Warnings: 0

mysql> INSERT INTO Dogs (owner_id, name, size)
    -> VALUES
    -> ((SELECT user_id FROM Users WHERE username = 'johnnydog'), 'Buddy', 'medium'),
    -> ((SELECT user_id FROM Users WHERE username = 'sarapaws'), 'Luna', 'small'),
    -> ((SELECT user_id FROM Users WHERE username = 'johnnydog'), 'Zeus', 'large'),
    -> ((SELECT user_id FROM Users WHERE username = 'sarapaws'), 'Milo', 'medium'),
    -> ((SELECT user_id FROM Users WHERE username = 'miaowner'), 'Coco', 'small');
ERROR 1064 (42000): You have an error in your SQL syntax; check the manual that corresponds to your MySQL server version for the right syntax to use near 'VALUES
((SELECT user_id FROM Users WHERE username = 'johnnydog'), 'Buddy', 'me' at line 2
mysql> INSERT INTO WalkRequests (dog_id, requested_time, duration_minutes, location, status)
    -> VALUES
    -> ((SELECT dog_id FROM Dogs WHERE name = 'Buddy'), '2025-06-10 08:00:00', 30, 'Oakwood Park', 'open'),
    -> ((SELECT dog_id FROM Dogs WHERE name = 'Luna'), '2025-06-10 09:30:00', 45, 'Seaside Boulevard', 'accepted'),
    -> ((SELECT dog_id FROM Dogs WHERE name = 'Zeus'), '2025-06-11 10:00:00', 60, 'Downtown Garden', 'open'),
    -> ((SELECT dog_id FROM Dogs WHERE name = 'Milo'), '2025-06-12 07:30:00', 30, 'Greenway Trail', 'open'),
    -> ^CSELECT dog_id FROM Dogs WHERE name = 'Coco'), '2025-06-13 11:00:
mysql> ^C'Sunset Street', 'cancelled');
mysql> INSERT INTO WalkRequests (dog_id, requested_time, duration_minutes, location, status)
    -> VALUES
    -> ((SELECT dog_id FROM Dogs WHERE name = 'Buddy'), '2025-06-10 08:00:00', 30, 'Oakwood Park', 'open'),
    -> ((SELECT dog_id FROM Dogs WHERE name = 'Luna'), '2025-06-10 09:30:00', 45, 'Seaside Boulevard', 'accepted'),
    -> ((SELECT dog_id FROM Dogs WHERE name = 'Zeus'), '2025-06-11 10:00:00', 60, 'Downtown Garden', 'open'),
    -> ((SELECT dog_id FROM Dogs WHERE name = 'Milo'), '2025-06-12 07:30:00', 30, 'Greenway Trail', 'open'),
    -> ((SELECT dog_id FROM Dogs WHERE name = 'Coco'), '2025-06-13 11:00:00', 20, 'Sunset Street', 'cancelled');
ERROR 1048 (23000): Column 'dog_id' cannot be null
mysql> INSERT INTO WalkRequests (dog_id, requested_time, duration_minutes, location, status)
    -> VALUES
    -> ((SELECT dog_id FROM Dogs WHERE name = 'Buddy'), '2025-06-10 08:00:00', 30, 'Oakwood Park', 'open'),
    -> ((SELECT dog_id FROM Dogs WHERE name = 'Luna'), '2025-06-10 09:30:00', 45, 'Seaside Boulevard', 'accepted'),
    -> ((SELECT dog_id FROM Dogs WHERE name = 'Zeus'), '2025-06-11 10:00:00', 60, 'Downtown Garden', 'open'),
    -> ((SELECT dog_id FROM Dogs WHERE name = 'Milo'), '2025-06-12 07:30:00', 30, 'Greenway Trail', 'open'),
    -> ((SELECT dog_id FROM Dogs WHERE name = 'Coco'), '2025-06-13 11:00:00', 20, 'Sunset Street', 'cancelled');
ERROR 1048 (23000): Column 'dog_id' cannot be null
mysql> INSERT INTO WalkRequests (dog_id, requested_time, duration_minutes, location, status)
    -> VALUES
    -> ((SELECT dog_id FROM Dogs WHERE name = 'Buddy'), '2025-06-10 08:00:00', 30, 'Oakwood Park', 'open'),
    -> ((SELECT dog_id FROM Dogs WHERE name = 'Luna'), '2025-06-10 09:30:00', 45, 'Seaside Boulevard', 'accepted'),
    -> ((SELECT dog_id FROM Dogs WHERE name = 'Zeus'), '2025-06-11 10:00:00', 60, 'Downtown Garden', 'open'),
    -> ((SELECT dog_id FROM Dogs WHERE name = 'Milo'), '2025-06-12 07:30:00', 30, 'Greenway Trail', 'open'),
    -> ((SELECT dog_id FROM Dogs WHERE name = 'Coco'), '2025-06-13 11:00:00', 20, 'Sunset Street', 'cancelled');
ERROR 1048 (23000): Column 'dog_id' cannot be null
mysql>
ChatGPT said:
Thank you for the detailed log â€” you're doing a great job! Let's break it down and resolve everything step by step.

âœ… Current Status Summary
âœ… Whatâ€™s working:
You successfully created the DogWalkService database âœ…

You created the tables âœ…

You inserted 5 users into Users âœ…

Your SHOW TABLES; confirms all tables exist âœ…

âŒ What's Failing and Why
âŒ 1. INSERT INTO Dogs is failing
SELECT user_id FROM Users WHERE username = 'johnnydog'
That user (johnnydog) doesnâ€™t exist in your Users table.

You inserted alice123, bobwalker, carol123, etc.

âŒ 2. dog_id is NULL in your WalkRequests
Because the dogs Buddy, Luna, etc. were never inserted due to the broken Dogs query.

So, subqueries like:

(SELECT dog_id FROM Dogs WHERE name = 'Buddy')
return NULL â†’ hence the error:

ERROR 1048 (23000): Column 'dog_id' cannot be null
âœ… FIX IN 2 STEPS
ðŸ”§ STEP 1: Insert Correct Dogs with Matching Usernames
Use these inserts (based on existing users):

-- Make sure you're still in USE DogWalkService;

INSERT INTO Dogs (owner_id, name, size)
VALUES
((SELECT user_id FROM Users WHERE username = 'alice123'), 'Buddy', 'medium'),
((SELECT user_id FROM Users WHERE username = 'carol123'), 'Luna', 'small'),
((SELECT user_id FROM Users WHERE username = 'alice123'), 'Zeus', 'large'),
((SELECT user_id FROM Users WHERE username = 'carol123'), 'Milo', 'medium'),
((SELECT user_id FROM Users WHERE username = 'emilyowner'), 'Coco', 'small');
âœ” This works because 'alice123', 'carol123', and 'emilyowner' exist in your Users table.

ðŸ”§ STEP 2: Insert the Walk Requests
Now that valid dogs exist, this will work:

INSERT INTO WalkRequests (dog_id, requested_time, duration_minutes, location, status)
VALUES
((SELECT dog_id FROM Dogs WHERE name = 'Buddy'), '2025-06-10 08:00:00', 30, 'Oakwood Park', 'open'),
((SELECT dog_id FROM Dogs WHERE name = 'Luna'), '2025-06-10 09:30:00', 45, 'Seaside Boulevard', 'accepted'),
((SELECT dog_id FROM Dogs WHERE name = 'Zeus'), '2025-06-11 10:00:00', 60, 'Downtown Garden', 'open'),
((SELECT dog_id FROM Dogs WHERE name = 'Milo'), '2025-06-12 07:30:00', 30, 'Greenway Trail', 'open'),
((SELECT dog_id FROM Dogs WHERE name = 'Coco'), '2025-06-13 11:00:00', 20, 'Sunset Street', 'cancelled');
ðŸ§ª Step 3 (Optional): Confirm Everything
SELECT * FROM Users;
SELECT * FROM Dogs;
SELECT * FROM WalkRequests;
You should now see valid data.

Let me know if you'd like help inserting WalkApplications or WalkRatings next!

You said:
    -> ((SELECT dog_id FROM Dogs WHERE name = 'Luna'), '2025-06-10 09:30:00', 45, 'Seaside Boulevard', 'accepted'),
    -> ((SELECT dog_id FROM Dogs WHERE name = 'Zeus'), '2025-06-11 10:00:00', 60, 'Downtown Garden', 'open'),
    -> ((SELECT dog_id FROM Dogs WHERE name = 'Milo'), '2025-06-12 07:30:00', 30, 'Greenway Trail', 'open'),
    -> ((SELECT dog_id FROM Dogs WHERE name = 'Coco'), '2025-06-13 11:00:00', 20, 'Sunset Street', 'cancelled');
ERROR 1048 (23000): Column 'dog_id' cannot be null
mysql> INSERT INTO WalkRequests (dog_id, requested_time, duration_minutes, location, status)
    -> VALUES
    -> ((SELECT dog_id FROM Dogs WHERE name = 'Buddy'), '2025-06-10 08:00:00', 30, 'Oakwood Park', 'open'),
    -> ((SELECT dog_id FROM Dogs WHERE name = 'Luna'), '2025-06-10 09:30:00', 45, 'Seaside Boulevard', 'accepted'),
    -> ((SELECT dog_id FROM Dogs WHERE name = 'Zeus'), '2025-06-11 10:00:00', 60, 'Downtown Garden', 'open'),
    -> ((SELECT dog_id FROM Dogs WHERE name = 'Milo'), '2025-06-12 07:30:00', 30, 'Greenway Trail', 'open'),
    -> ((SELECT dog_id FROM Dogs WHERE name = 'Coco'), '2025-06-13 11:00:00', 20, 'Sunset Street', 'cancelled');
ERROR 1048 (23000): Column 'dog_id' cannot be null
mysql> INSERT INTO WalkRequests (dog_id, requested_time, duration_minutes, location, status)
    -> VALUES
    -> ((SELECT dog_id FROM Dogs WHERE name = 'Buddy'), '2025-06-10 08:00:00', 30, 'Oakwood Park', 'open'),
    -> ((SELECT dog_id FROM Dogs WHERE name = 'Luna'), '2025-06-10 09:30:00', 45, 'Seaside Boulevard', 'accepted'),
    -> ((SELECT dog_id FROM Dogs WHERE name = 'Zeus'), '2025-06-11 10:00:00', 60, 'Downtown Garden', 'open'),
    -> ((SELECT dog_id FROM Dogs WHERE name = 'Milo'), '2025-06-12 07:30:00', 30, 'Greenway Trail', 'open'),
    -> ((SELECT dog_id FROM Dogs WHERE name = 'Coco'), '2025-06-13 11:00:00', 20, 'Sunset Street', 'cancelled');
ERROR 1048 (23000): Column 'dog_id' cannot be null
mysql>
mysql> INSERT INTO Dogs (owner_id, name, size)
    -> VALUES
    -> ((SELECT user_id FROM Users WHERE username = 'alice123'), 'Buddy', 'medium'),
    -> ((SELECT user_id FROM Users WHERE username = 'carol123'), 'Luna', 'small'),
    -> ((SELECT user_id FROM Users WHERE username = 'alice123'), 'Zeus', 'large'),
    -> ((SELECT user_id FROM Users WHERE username = 'carol123'), 'Milo', 'medium'),
    -> ((SELECT user_id FROM Users WHERE username = 'emilyowner'), 'Coco'
Query OK, 5 rows affected (0.01 sec)
Records: 5  Duplicates: 0  Warnings: 0

mysql> INSERT INTO WalkRequests (dog_id, requested_time, duration_minutes, location, status)
    -> VALUES
    -> ((SELECT dog_id FROM Dogs WHERE name = 'Buddy'), '2025-06-10 08:00:00', 30, 'Oakwood Park', 'open'),
    -> ((SELECT dog_id FROM Dogs WHERE name = 'Luna'), '2025-06-10 09:30:00', 45, 'Seaside Boulevard', 'accepted'),
    -> ((SELECT dog_id FROM Dogs WHERE name = 'Zeus'), '2025-06-11 10:00:00', 60, 'Downtown Garden', 'open'),
    -> ((SELECT dog_id FROM Dogs WHERE name = 'Milo'), '2025-06-12 07:30:00', 30, 'Greenway Trail', 'open'),
    -> ((SELECT dog_id FROM Dogs WHERE name = 'Coco'), '2025-06-13 11:00:00', 20, 'Sunset Street', 'cancelled');
Query OK, 5 rows affected (0.01 sec)
Records: 5  Duplicates: 0  Warnings: 0

mysql>
mysql> SHOW ^C
mysql> SHOW WalkRequests
    -> show WalkRequests;
ERROR 1064 (42000): You have an error in your SQL syntax; check the manual that corresponds to your MySQL server version for the right syntax to use near 'WalkRequests
show WalkRequests' at line 1
mysql> SHOW WalkRequests;
ERROR 1064 (42000): You have an error in your SQL syntax; check the manual that corresponds to your MySQL server version for the right syntax to use near 'WalkRequests' at line 1
mysql>
ChatGPT said:
You're doing great â€” and good news: ðŸŽ‰

âœ… You successfully inserted all 5 walk requests!
âœ… The dogs were correctly added just before that, which fixed the dog_id is NULL error.

ðŸ§  What Went Wrong at the End?
You're trying to run this:

SHOW WalkRequests;
But in MySQL, you donâ€™t use SHOW to view table data. Thatâ€™s why you get:

ERROR 1064 (42000): ... near 'WalkRequests'
âœ… Correct Way to View Table Data
ðŸ‘‡ Use this instead:
SELECT * FROM WalkRequests;
Youâ€™ll see something like:

request_id	dog_id	requested_time	duration_minutes	location	status
1	1	2025-06-10 08:00:00	30	Oakwood Park	open
2	2	2025-06-10 09:30:00	45	Seaside Boulevard	accepted
...	...	...	...	...	...
ðŸ”„ Also Helpful
View only dog names in Dogs:

SELECT name FROM Dogs;
Join WalkRequests with Dogs to get dog names:

SELECT wr.request_id, d.name AS dog_name, wr.requested_time, wr.duration_minutes, wr.location, wr.status
FROM WalkRequests wr
JOIN Dogs d ON wr.dog_id = d.dog_id;
Would you like help inserting walk applications or ratings next?

You said:
API Endpoints
In the part1 folder create a Node.js/Express/ app that accesses a database constructed with the given dogwalks.sql file.

Write the Express route handler code that responds to a client request to retrieve only the following endpoints.  You do not need to create a homepage or any other HTML pages.  Just three routes that return JSON when browsed to.

Your code should:

Insert records into the database on startup to allow for testing. [Hint: Look at app.js in "starthere" to see how this can be done.]
Define the routes at the paths

/api/dogs
/api/walkrequests/open
/api/walkers/summary
Use a try/catch block to handle any potential errors

Return the results in JSON format on success.  The JSON can be presented as a single continuous line like this:

2025-06-10_13-40-10.png

Return an HTTP status code and error message on failure

Be sure to commit and push your project when complete.

The routes explained:

/api/dogs

Return a list of all dogs with their size and owner's username.

Sample Response:

[
  {
    "dog_name": "Max",
    "size": "medium",
    "owner_username": "alice123"
  },
  {
    "dog_name": "Bella",
    "size": "small",
    "owner_username": "carol123"
  }
]
/api/walkrequests/open

Return all open walk requests, including the dog name, requested time, location, and owner's username.

Sample Response:

[
  {
    "request_id": 1,
    "dog_name": "Max",
    "requested_time": "2025-06-10T08:00:00.000Z",
    "duration_minutes": 30,
    "location": "Parklands",
    "owner_username": "alice123"
  }
]
/api/walkers/summary

Return a summary of each walker with their average rating and number of completed walks.

Sample Response:

[
  {
    "walker_username": "bobwalker",
    "total_ratings": 2,
    "average_rating": 4.5,
    "completed_walks": 2
  },
  {
    "walker_username": "newwalker",
    "total_ratings": 0,
    "average_rating": null,
    "completed_walks": 0
  }
]


ChatGPT said:
âœ… Your Express API is now ready with the following routes:

/api/dogs â€“ lists dogs with size and owner's username

/api/walkrequests/open â€“ shows all open walk requests

/api/walkers/summary â€“ shows walker ratings and completed walks

You can test by starting your app with:

node app.js
Then visit:

http://localhost:3000/api/dogs
http://localhost:3000/api/walkrequests/open
http://localhost:3000/api/walkers/summary
Let me know if you'd like to seed more test data or add POST routes.

You said:
var express = require('express');
var path = require('path');
var cookieParser = require('cookie-parser');
var logger = require('morgan');
var mysql = require('mysql2/promise');

var app = express();

app.use(logger('dev'));
app.use(express.json());
app.use(express.urlencoded({ extended: false }));
app.use(cookieParser());

let db;

(async () => {
  try {
    // Connect to MySQL without specifying a database
    const connection = await mysql.createConnection({
      host: '127.0.0.1',
      user: 'root',
      password: '' // Set your MySQL root password
    });

    // Create the database if it doesn't exist
    await connection.query('CREATE DATABASE IF NOT EXISTS testdb');
    await connection.end();

    // Now connect to the created database
    db = await mysql.createConnection({
      host: '127.0.0.1',
      user: 'root',
      password: '',
      database: 'testdb'
    });

    // Create a table if it doesn't exist
    await db.execute(
      CREATE TABLE IF NOT EXISTS books (
        id INT AUTO_INCREMENT PRIMARY KEY,
        title VARCHAR(255),
        author VARCHAR(255)
      )
    );

    // Insert data if table is empty
    const [rows] = await db.execute('SELECT COUNT(*) AS count FROM books');
    if (rows[0].count === 0) {
      await db.execute(
        INSERT INTO books (title, author) VALUES
        ('1984', 'George Orwell'),
        ('To Kill a Mockingbird', 'Harper Lee'),
        ('Brave New World', 'Aldous Huxley')
      );
    }
  } catch (err) {
    console.error('Error setting up database. Ensure Mysql is running: service mysql start', err);
  }
})();

// Route to return books as JSON
app.get('/', async (req, res) => {
  try {
    const [books] = await db.execute('SELECT * FROM books');
    res.json(books);
  } catch (err) {
    res.status(500).json({ error: 'Failed to fetch books' });
  }
});

app.use(express.static(path.join(__dirname, 'public')));

module.exports = app;

this is my app.js what changes should I make?
ChatGPT said:
Great â€” your current app.js is well-structured and working for a simple table (books). To meet the DogWalkService API requirements, you need to:

âœ… Changes to Make (Step-by-Step)
ðŸ§± 1. Change the Database
Change from using testdb to DogWalkService (from dogwalks.sql):

// OLD
database: 'testdb'

// NEW
database: 'DogWalkService'
ðŸ—‘ï¸ 2. Remove the book-related logic
Delete:

CREATE TABLE IF NOT EXISTS books ...
SELECT COUNT(*) ...
INSERT INTO books ...
And remove the route:

app.get('/', ...)
ðŸ†• 3. Add the Required Routes
Replace it with the 3 required routes /api/dogs, /api/walkrequests/open, and /api/walkers/summary.

âœ… Full Modified app.js
Hereâ€™s your updated version customized for DogWalkService:

const express = require('express');
const path = require('path');
const cookieParser = require('cookie-parser');
const logger = require('morgan');
const mysql = require('mysql2/promise');

const app = express();

app.use(logger('dev'));
app.use(express.json());
app.use(express.urlencoded({ extended: false }));
app.use(cookieParser());

let db;

(async () => {
  try {
    db = await mysql.createConnection({
      host: '127.0.0.1',
      user: 'root',
      password: '',
      database: 'DogWalkService'
    });

    console.log('Connected to DogWalkService database');
  } catch (err) {
    console.error('Error setting up database. Ensure MySQL is running.', err);
  }
})();

// /api/dogs
app.get('/api/dogs', async (req, res) => {
  try {
    const [rows] = await db.execute(`
      SELECT d.name AS dog_name, d.size, u.username AS owner_username
      FROM Dogs d
      JOIN Users u ON d.owner_id = u.user_id
    `);
    res.json(rows);
  } catch (err) {
    res.status(500).json({ error: 'Failed to fetch dogs' });
  }
});

// /api/walkrequests/open
app.get('/api/walkrequests/open', async (req, res) => {
  try {
    const [rows] = await db.execute(`
      SELECT wr.request_id, d.name AS dog_name, wr.requested_time, wr.duration_minutes, wr.location, u.username AS owner_username
      FROM WalkRequests wr
      JOIN Dogs d ON wr.dog_id = d.dog_id
      JOIN Users u ON d.owner_id = u.user_id
      WHERE wr.status = 'open'
    `);
    res.json(rows);
  } catch (err) {
    res.status(500).json({ error: 'Failed to fetch open walk requests' });
  }
});

// /api/walkers/summary
app.get('/api/walkers/summary', async (req, res) => {
  try {
    const [rows] = await db.execute(`
      SELECT
        u.username AS walker_username,
        COUNT(r.rating) AS total_ratings,
        ROUND(AVG(r.rating), 1) AS average_rating,
        SUM(CASE WHEN wr.status = 'completed' THEN 1 ELSE 0 END) AS completed_walks
      FROM Users u
      LEFT JOIN WalkRatings r ON u.user_id = r.walker_id
      LEFT JOIN WalkRequests wr ON r.request_id = wr.request_id
      WHERE u.role = 'walker'
      GROUP BY u.user_id
    `);
    res.json(rows);
  } catch (err) {
    res.status(500).json({ error: 'Failed to fetch walker summary' });
  }
});

app.use(express.static(path.join(__dirname, 'public')));

module.exports = app;
âœ… Final Steps
Make sure MySQL is running:

sudo service mysql start
Start the app:

npm start
Visit these in browser or Postman:

http://localhost:3000/api/dogs
http://localhost:3000/api/walkrequests/open
http://localhost:3000/api/walkers/summary
Let me know if you want to auto-insert testing data on startup too.




No file chosenNo file chosen
ChatGPT can make mistakes. Check important info.
